date,week,month,year,lpath,show,jobnumber,tasktype,dept,task,scene,shot,entitytype,entity,jiraproject,jiraissue,username,zone,entries,days_logged,days_signed_off
2021-08-21,2021-08-16,2021-08-01,2021,/JOB(project10)/JOBNUMBER(7547)/SCENE(425ll)/SHOT(425ll_410)/DEPT(comp)/TASK(comp),project10,7547,shot,comp,comp,425ll,425ll_410,,,,,010d9417c18c3061e4de7d21db7405dd,Vancouver,1,0.37500000000000000000,0.37500000000000000000
2021-08-21,2021-08-16,2021-08-01,2021,/JOB(project10)/JOBNUMBER(7547)/SCENE(257kl)/SHOT(257kl_060)/DEPT(comp)/TASK(comp),project10,7547,shot,comp,comp,257kl,257kl_060,,,,,010d9417c18c3061e4de7d21db7405dd,Vancouver,1,0.62500000000000000000,0.62500000000000000000
2021-08-21,2021-08-16,2021-08-01,2021,/JOB(project10)/JOBNUMBER(7547)/SCENE(448bb)/SHOT(448bb_073)/DEPT(charfinal)/TASK(char_final),project10,7547,shot,charfinal,char_final,448bb,448bb_073,,,,,020531bae4f9c5b7b1bb8490948e014c,Vancouver,1,0.37500000000000000000,0.37500000000000000000
2021-08-21,2021-08-16,2021-08-01,2021,/JOB(project10)/JOBNUMBER(7547)/SCENE(475sp)/SHOT(475sp_030)/DEPT(charfinal)/TASK(charfinal_revisions),project10,7547,shot,charfinal,charfinal_revisions,475sp,475sp_030,,,,,020531bae4f9c5b7b1bb8490948e014c,Vancouver,2,0.50000000000000000000,0.50000000000000000000
2021-08-21,2021-08-16,2021-08-01,2021,/JOB(project10)/JOBNUMBER(7547)/SCENE(460ar)/SHOT(460ar_015)/DEPT(charfinal)/TASK(char_final),project10,7547,shot,charfinal,char_final,460ar,460ar_015,,,,,020531bae4f9c5b7b1bb8490948e014c,Vancouver,1,0.12500000000000000000,0.12500000000000000000
2021-08-21,2021-08-16,2021-08-01,2021,/JOB(project10)/JOBNUMBER(7547)/SCENE(449pp)/SHOT(449pp_370)/DEPT(light)/TASK(light_qc),project10,7547,shot,light,light_qc,449pp,449pp_370,,,,,06a035704c1f914cfbee1d6272ef2966,Vancouver,1,0.12500000000000000000,0.12500000000000000000
2021-08-21,2021-08-16,2021-08-01,2021,/JOB(project10)/JOBNUMBER(7547)/SCENE(162la)/SHOT(162la_397)/DEPT(light)/TASK(final_lighting),project10,7547,shot,light,final_lighting,162la,162la_397,,,,,06a035704c1f914cfbee1d6272ef2966,Vancouver,1,0.37500000000000000000,0.37500000000000000000
2021-08-21,2021-08-16,2021-08-01,2021,/JOB(project10)/JOBNUMBER(7547)/SCENE(448bb)/SHOT(448bb_005)/DEPT(light)/TASK(final_lighting),project10,7547,shot,light,final_lighting,448bb,448bb_005,,,,,06a035704c1f914cfbee1d6272ef2966,Vancouver,1,0.25000000000000000000,0.25000000000000000000
2021-08-21,2021-08-16,2021-08-01,2021,/JOB(project10)/JOBNUMBER(7547)/SCENE(162la)/SHOT(162la_397)/DEPT(light)/TASK(light_qc),project10,7547,shot,light,light_qc,162la,162la_397,,,,,06a035704c1f914cfbee1d6272ef2966,Vancouver,1,0.12500000000000000000,0.12500000000000000000
2021-08-21,2021-08-16,2021-08-01,2021,/JOB(project10)/JOBNUMBER(7547)/SCENE(448bb)/SHOT(448bb_003)/DEPT(light)/TASK(final_lighting),project10,7547,shot,light,final_lighting,448bb,448bb_003,,,,,06a035704c1f914cfbee1d6272ef2966,Vancouver,1,0.25000000000000000000,0.25000000000000000000
2021-08-21,2021-08-16,2021-08-01,2021,/JOB(project10)/JOBNUMBER(7547)/SCENE(446cs)/SHOT(446cs_410)/DEPT(finallayout)/TASK(final_layout),project10,7547,shot,finallayout,final_layout,446cs,446cs_410,,,,,08ac3bfd9f56e4bf162005dd528be964,Vancouver,1,0.18750000000000000000,0.18750000000000000000
2021-08-21,2021-08-16,2021-08-01,2021,/JOB(project10)/JOBNUMBER(7547)/SCENE(448bb)/SHOT(448bb_135)/DEPT(finallayout)/TASK(final_layout),project10,7547,shot,finallayout,final_layout,448bb,448bb_135,,,,,08ac3bfd9f56e4bf162005dd528be964,Vancouver,1,0.12500000000000000000,0.12500000000000000000
2021-08-21,2021-08-16,2021-08-01,2021,/JOB(project10)/JOBNUMBER(7547)/SCENE(449pp)/SHOT(449pp_310)/DEPT(finallayout)/TASK(camera_fix),project10,7547,shot,finallayout,camera_fix,449pp,449pp_310,,,,,08ac3bfd9f56e4bf162005dd528be964,Vancouver,2,0.50000000000000000000,0.50000000000000000000
2021-08-21,2021-08-16,2021-08-01,2021,/JOB(project10)/JOBNUMBER(7547)/SCENE(123rk)/SHOT(123rk_055)/DEPT(finallayout)/TASK(final_layout),project10,7547,shot,finallayout,final_layout,123rk,123rk_055,,,,,08ac3bfd9f56e4bf162005dd528be964,Vancouver,1,0.18750000000000000000,0.18750000000000000000
2021-08-21,2021-08-16,2021-08-01,2021,/JOB(project10)/JOBNUMBER(7547)/TASK(prod),project10,7547,global-prod,,prod,,,,,,,08e39315e3dea83c387af90b2ba8e04a,Vancouver,3,0.84375000000000000000,0.84375000000000000000
2021-08-21,2021-08-16,2021-08-01,2021,/JOB(project10)/JOBNUMBER(7547)/TASK(prod),project10,7547,global-prod,,prod,,,,,,,097937e8fe1983b037d5ffb4a0aaac10,Vancouver,2,1.00000000000000000000,1.00000000000000000000
2021-08-21,2021-08-16,2021-08-01,2021,/JOB(project10)/JOBNUMBER(7547)/TASKLEVEL(dev)/JIRAPROJECT(light)/JIRAISSUE(light_1743),project10,7547,jira-issue,,,,,,,light,light_1743,09c0fe5c6b6b75f64cb5e4e23c9f649f,Vancouver,2,0.21875000000000000000,0.21875000000000000000
2021-08-21,2021-08-16,2021-08-01,2021,/JOB(project10)/JOBNUMBER(7547)/TASKLEVEL(dev)/JIRAPROJECT(light)/JIRAISSUE(light_3083),project10,7547,jira-issue,,,,,,,light,light_3083,09c0fe5c6b6b75f64cb5e4e23c9f649f,Vancouver,1,0.06250000000000000000,0.06250000000000000000
2021-08-21,2021-08-16,2021-08-01,2021,/JOB(project10)/JOBNUMBER(7547)/TASK(supervision),project10,7547,global-supervision,,supervision,,,,,,,0bae1816f29563758f6e02a95790b0a2,Vancouver,2,1.0625000000000000,1.0625000000000000
2021-08-21,2021-08-16,2021-08-01,2021,/JOB(project10)/JOBNUMBER(7547)/SCENE(449pp)/SHOT(449pp_340)/DEPT(anim)/TASK(anim_blocking),project10,7547,shot,anim,anim_blocking,449pp,449pp_340,,,,,0caf8ed8f3c9b2f2f59b47ccd548a29c,Vancouver,2,0.50000000000000000000,0.50000000000000000000
2021-08-21,2021-08-16,2021-08-01,2021,/JOB(project10)/JOBNUMBER(7547)/SCENE(449pp)/SHOT(449pp_350)/DEPT(anim)/TASK(animation),project10,7547,shot,anim,animation,449pp,449pp_350,,,,,0caf8ed8f3c9b2f2f59b47ccd548a29c,Vancouver,1,0.62500000000000000000,0.62500000000000000000
2021-08-21,2021-08-16,2021-08-01,2021,/JOB(project10)/JOBNUMBER(7547)/TASK(supervision),project10,7547,global-supervision,,supervision,,,,,,,0d0de813c1105498e3435dd2fbf7fa26,Vancouver,2,1.00000000000000000000,1.00000000000000000000
2021-08-21,2021-08-16,2021-08-01,2021,/JOB(project10)/JOBNUMBER(7547)/TASK(prod),project10,7547,global-prod,,prod,,,,,,,0e0d0caea7134c3b68dcddaad5cc76da,Vancouver,1,1.3437500000000000,1.3437500000000000
2021-08-21,2021-08-16,2021-08-01,2021,/JOB(project10)/JOBNUMBER(7547)/SCENE(357fl)/SHOT(357fl_255)/DEPT(comp)/TASK(comp_qc),project10,7547,shot,comp,comp_qc,357fl,357fl_255,,,,,0e62a268e1da6fd1a340bcfd71495012,Vancouver,1,0.12500000000000000000,0.12500000000000000000
2021-08-21,2021-08-16,2021-08-01,2021,/JOB(project10)/JOBNUMBER(7547)/SCENE(170td)/SHOT(170td_280)/DEPT(comp)/TASK(comp_qc),project10,7547,shot,comp,comp_qc,170td,170td_280,,,,,0e62a268e1da6fd1a340bcfd71495012,Vancouver,1,0.37500000000000000000,0.37500000000000000000
2021-08-21,2021-08-16,2021-08-01,2021,/JOB(project10)/JOBNUMBER(7547)/SCENE(170td)/SHOT(170td_016)/DEPT(anim)/TASK(anim_blocking),project10,7547,shot,anim,anim_blocking,170td,170td_016,,,,,0e77c0358a81d13e49543b55ce5faf5d,Vancouver,2,1.2500000000000000,1.2500000000000000
2021-08-21,2021-08-16,2021-08-01,2021,/JOB(project10)/JOBNUMBER(7547)/TASK(prod),project10,7547,global-prod,,prod,,,,,,,0ecf87ea45e9b605c495c17e21bbf182,Vancouver,2,1.0625000000000000,1.0625000000000000
2021-08-21,2021-08-16,2021-08-01,2021,/JOB(project10)/JOBNUMBER(7547)/SCENE(354wh)/SHOT(354wh_260)/DEPT(light)/TASK(shot_lighting),project10,7547,shot,light,shot_lighting,354wh,354wh_260,,,,,0edc4efb45bf084370bad4680ee55aaf,Vancouver,1,0.28125000000000000000,0.28125000000000000000
2021-08-21,2021-08-16,2021-08-01,2021,/JOB(project10)/JOBNUMBER(7547)/SCENE(354wh)/SHOT(354wh_260)/DEPT(light)/TASK(final_lighting),project10,7547,shot,light,final_lighting,354wh,354wh_260,,,,,0edc4efb45bf084370bad4680ee55aaf,Vancouver,1,0.40625000000000000000,0.40625000000000000000
2021-08-21,2021-08-16,2021-08-01,2021,/JOB(project10)/JOBNUMBER(7547)/SCENE(460ar)/SHOT(460ar_470)/DEPT(light)/TASK(shot_lighting),project10,7547,shot,light,shot_lighting,460ar,460ar_470,,,,,0edc4efb45bf084370bad4680ee55aaf,Vancouver,1,0.12500000000000000000,0.12500000000000000000
2021-08-21,2021-08-16,2021-08-01,2021,/JOB(project10)/JOBNUMBER(7547)/SCENE(445bt)/SHOT(445bt_220)/DEPT(light)/TASK(final_lighting),project10,7547,shot,light,final_lighting,445bt,445bt_220,,,,,0edc4efb45bf084370bad4680ee55aaf,Vancouver,2,0.18750000000000000000,0.18750000000000000000
2021-08-21,2021-08-16,2021-08-01,2021,/JOB(project10)/JOBNUMBER(7547)/SCENE(460ar)/SHOT(460ar_480)/DEPT(fx)/TASK(fx),project10,7547,shot,fx,fx,460ar,460ar_480,,,,,102ea00cdaa7e4d84775cf427ffd36a8,Sydney,2,0.56250000000000000000,0.56250000000000000000
2021-08-21,2021-08-16,2021-08-01,2021,/JOB(project10)/JOBNUMBER(7547)/SCENE(448bb)/SHOT(448bb_011)/DEPT(light)/TASK(shot_lighting),project10,7547,shot,light,shot_lighting,448bb,448bb_011,,,,,126f9bda40c5807790d13ad2dcef33d9,Vancouver,1,0.37500000000000000000,0.37500000000000000000
2021-08-21,2021-08-16,2021-08-01,2021,/JOB(project10)/JOBNUMBER(7547)/SCENE(446cs)/SHOT(446cs_580)/DEPT(light)/TASK(light_qc),project10,7547,shot,light,light_qc,446cs,446cs_580,,,,,126f9bda40c5807790d13ad2dcef33d9,Vancouver,1,0.37500000000000000000,0.37500000000000000000
2021-08-21,2021-08-16,2021-08-01,2021,/JOB(project10)/JOBNUMBER(7547)/SCENE(448bb)/SHOT(448bb_410)/DEPT(light)/TASK(shot_lighting),project10,7547,shot,light,shot_lighting,448bb,448bb_410,,,,,126f9bda40c5807790d13ad2dcef33d9,Vancouver,1,0.25000000000000000000,0.25000000000000000000
2021-08-21,2021-08-16,2021-08-01,2021,/JOB(project10)/JOBNUMBER(7547)/SCENE(446cs)/SHOT(446cs_400)/DEPT(anim)/TASK(anim_blocking),project10,7547,shot,anim,anim_blocking,446cs,446cs_400,,,,,13dfcc8e24d57bc9263a8694dd478454,Vancouver,1,0.12500000000000000000,0.12500000000000000000
2021-08-21,2021-08-16,2021-08-01,2021,/JOB(project10)/JOBNUMBER(7547)/SCENE(363up)/SHOT(363up_400)/DEPT(anim)/TASK(anim_blocking),project10,7547,shot,anim,anim_blocking,363up,363up_400,,,,,13dfcc8e24d57bc9263a8694dd478454,Vancouver,2,1.00000000000000000000,1.00000000000000000000
2021-08-21,2021-08-16,2021-08-01,2021,/JOB(project10)/JOBNUMBER(7547)/TASKLEVEL(dev)/JIRAPROJECT(as)/JIRAISSUE(as_3796),project10,7547,jira-issue,,,,,,,as,as_3796,1522cb2a0651067dae66508d55b9d2c9,Vancouver,2,1.00000000000000000000,1.00000000000000000000
2021-08-21,2021-08-16,2021-08-01,2021,/JOB(project10)/JOBNUMBER(7547)/SCENE(449pp)/SHOT(449pp_097)/DEPT(light)/TASK(shot_lighting),project10,7547,shot,light,shot_lighting,449pp,449pp_097,,,,,17ee3570f1865d79d9997b71ea99abb9,Vancouver,2,0.62500000000000000000,0.62500000000000000000
2021-08-21,2021-08-16,2021-08-01,2021,/JOB(project10)/JOBNUMBER(7547)/SCENE(449pp)/SHOT(449pp_105)/DEPT(light)/TASK(shot_lighting),project10,7547,shot,light,shot_lighting,449pp,449pp_105,,,,,17ee3570f1865d79d9997b71ea99abb9,Vancouver,2,0.68750000000000000000,0.68750000000000000000
2021-08-21,2021-08-16,2021-08-01,2021,/JOB(project10)/JOBNUMBER(7547)/SCENE(162la)/SHOT(162la_041)/DEPT(anim)/TASK(anim_blocking),project10,7547,shot,anim,anim_blocking,162la,162la_041,,,,,1cdba494d505b1ea6fcf1e6cef7e7527,Vancouver,2,1.1250000000000000,1.1250000000000000
2021-08-21,2021-08-16,2021-08-01,2021,/JOB(project10)/JOBNUMBER(7547)/SCENE(240tv)/SHOT(240tv_080)/DEPT(charfx)/TASK(charfx),project10,7547,shot,charfx,charfx,240tv,240tv_080,,,,,217708171b6e30e46289680d88687eff,Vancouver,1,0.50000000000000000000,0.50000000000000000000
2021-08-21,2021-08-16,2021-08-01,2021,/JOB(project10)/JOBNUMBER(7547)/SCENE(040dr)/SHOT(040dr_220)/DEPT(charfx)/TASK(charfx_redo),project10,7547,shot,charfx,charfx_redo,040dr,040dr_220,,,,,217708171b6e30e46289680d88687eff,Vancouver,1,0.50000000000000000000,0.50000000000000000000
2021-08-21,2021-08-16,2021-08-01,2021,/JOB(project10)/JOBNUMBER(7547)/SCENE(475sp)/SHOT(475sp_015)/DEPT(light)/TASK(light_qc),project10,7547,shot,light,light_qc,475sp,475sp_015,,,,,24b150da78bbc0b9ed48bc5a420a48ce,Vancouver,1,0.06250000000000000000,0.06250000000000000000
2021-08-21,2021-08-16,2021-08-01,2021,/JOB(project10)/JOBNUMBER(7547)/TASKLEVEL(department)/DEPT(light)/TASK(training),project10,7547,global-dept,light,training,,,,,,,24b150da78bbc0b9ed48bc5a420a48ce,Vancouver,1,0.06250000000000000000,0.06250000000000000000
2021-08-21,2021-08-16,2021-08-01,2021,/JOB(project10)/JOBNUMBER(7547)/SCENE(475sp)/SHOT(475sp_010)/DEPT(light)/TASK(shot_lighting),project10,7547,shot,light,shot_lighting,475sp,475sp_010,,,,,24b150da78bbc0b9ed48bc5a420a48ce,Vancouver,4,0.81250000000000000000,0.81250000000000000000
2021-08-21,2021-08-16,2021-08-01,2021,/JOB(project10)/JOBNUMBER(7547)/SCENE(460ar)/SHOT(460ar_045)/DEPT(light)/TASK(final_lighting),project10,7547,shot,light,final_lighting,460ar,460ar_045,,,,,24b150da78bbc0b9ed48bc5a420a48ce,Vancouver,1,0.18750000000000000000,0.18750000000000000000
2021-08-21,2021-08-16,2021-08-01,2021,/JOB(project10)/JOBNUMBER(7547)/TASKLEVEL(dev)/JIRAPROJECT(img)/JIRAISSUE(img_800),project10,7547,jira-issue,,,,,,,img,img_800,24ccf62df0e5d8b9b77b34adcd73b96b,Vancouver,1,0.09375000000000000000,0.09375000000000000000
2021-08-21,2021-08-16,2021-08-01,2021,/JOB(project10)/JOBNUMBER(7547)/TASKLEVEL(dev)/JIRAPROJECT(img)/JIRAISSUE(img_1779),project10,7547,jira-issue,,,,,,,img,img_1779,24ccf62df0e5d8b9b77b34adcd73b96b,Vancouver,2,0.50000000000000000000,0.50000000000000000000
2021-08-21,2021-08-16,2021-08-01,2021,/JOB(project10)/JOBNUMBER(7547)/SCENE(446cs)/SHOT(446cs_280)/DEPT(anim)/TASK(anim_blocking),project10,7547,shot,anim,anim_blocking,446cs,446cs_280,,,,,2abcd97a39bcf3029034a92f962199fe,Vancouver,2,0.75000000000000000000,0.75000000000000000000
2021-08-21,2021-08-16,2021-08-01,2021,/JOB(project10)/JOBNUMBER(7547)/SCENE(446cs)/SHOT(446cs_275)/DEPT(anim)/TASK(anim_blocking),project10,7547,shot,anim,anim_blocking,446cs,446cs_275,,,,,2abcd97a39bcf3029034a92f962199fe,Vancouver,1,0.25000000000000000000,0.25000000000000000000
2021-08-21,2021-08-16,2021-08-01,2021,/JOB(project10)/JOBNUMBER(7547)/SCENE(354wh)/SHOT(354wh_315)/DEPT(anim)/TASK(anim_blocking),project10,7547,shot,anim,anim_blocking,354wh,354wh_315,,,,,2aedc0c470d1cb3810c66352b1f6203c,Vancouver,1,0.25000000000000000000,0.25000000000000000000
2021-08-21,2021-08-16,2021-08-01,2021,/JOB(project10)/JOBNUMBER(7547)/SCENE(448bb)/SHOT(448bb_085)/DEPT(anim)/TASK(animation),project10,7547,shot,anim,animation,448bb,448bb_085,,,,,2aedc0c470d1cb3810c66352b1f6203c,Vancouver,2,0.87500000000000000000,0.87500000000000000000
2021-08-21,2021-08-16,2021-08-01,2021,/JOB(project10)/JOBNUMBER(7547)/SCENE(475sp)/SHOT(475sp_150)/DEPT(fx)/TASK(fx),project10,7547,shot,fx,fx,475sp,475sp_150,,,,,2b254e6c3fb8d8a5eaca89a416d929cb,Vancouver,1,0.25000000000000000000,0.25000000000000000000
2021-08-21,2021-08-16,2021-08-01,2021,/JOB(project10)/JOBNUMBER(7547)/SCENE(460ar)/SHOT(460ar_200)/DEPT(fx)/TASK(fx),project10,7547,shot,fx,fx,460ar,460ar_200,,,,,2b254e6c3fb8d8a5eaca89a416d929cb,Vancouver,1,0.25000000000000000000,0.25000000000000000000
2021-08-21,2021-08-16,2021-08-01,2021,/JOB(project10)/JOBNUMBER(7547)/SCENE(446cs)/SHOT(446cs_500)/DEPT(fx)/TASK(fx),project10,7547,shot,fx,fx,446cs,446cs_500,,,,,2b254e6c3fb8d8a5eaca89a416d929cb,Vancouver,1,0.12500000000000000000,0.12500000000000000000
2021-08-21,2021-08-16,2021-08-01,2021,/JOB(project10)/JOBNUMBER(7547)/SCENE(460ar)/SHOT(460ar_220)/DEPT(fx)/TASK(fx_techfix),project10,7547,shot,fx,fx_techfix,460ar,460ar_220,,,,,2b254e6c3fb8d8a5eaca89a416d929cb,Vancouver,1,0.25000000000000000000,0.25000000000000000000
2021-08-21,2021-08-16,2021-08-01,2021,/JOB(project10)/JOBNUMBER(7547)/SCENE(446cs)/SHOT(446cs_510)/DEPT(fx)/TASK(fx),project10,7547,shot,fx,fx,446cs,446cs_510,,,,,2b254e6c3fb8d8a5eaca89a416d929cb,Vancouver,1,0.12500000000000000000,0.12500000000000000000
2021-08-21,2021-08-16,2021-08-01,2021,/JOB(project10)/JOBNUMBER(7547)/SCENE(446cs)/SHOT(446cs_390)/DEPT(fx)/TASK(fx),project10,7547,shot,fx,fx,446cs,446cs_390,,,,,2b254e6c3fb8d8a5eaca89a416d929cb,Vancouver,1,0.12500000000000000000,0.12500000000000000000
2021-08-21,2021-08-16,2021-08-01,2021,/JOB(project10)/JOBNUMBER(7547)/TASK(edit),project10,7547,global-dept,,edit,,,,,,,2bffacc77210aa8dea736a7115f43ce3,Vancouver,2,1.1875000000000000,1.1875000000000000
2021-08-21,2021-08-16,2021-08-01,2021,/JOB(project10)/JOBNUMBER(7547)/SCENE(449pp)/SHOT(449pp_055)/DEPT(light)/TASK(shot_lighting),project10,7547,shot,light,shot_lighting,449pp,449pp_055,,,,,2edfdd88d4b94047e75ed63d68200a78,Vancouver,1,0.31250000000000000000,0.31250000000000000000
2021-08-21,2021-08-16,2021-08-01,2021,/JOB(project10)/JOBNUMBER(7547)/SCENE(253ds)/SHOT(253ds_067)/DEPT(light)/TASK(final_lighting),project10,7547,shot,light,final_lighting,253ds,253ds_067,,,,,2edfdd88d4b94047e75ed63d68200a78,Vancouver,1,0.25000000000000000000,0.25000000000000000000
2021-08-21,2021-08-16,2021-08-01,2021,/JOB(project10)/JOBNUMBER(7547)/SCENE(162la)/SHOT(162la_310)/DEPT(light)/TASK(final_lighting),project10,7547,shot,light,final_lighting,162la,162la_310,,,,,2edfdd88d4b94047e75ed63d68200a78,Vancouver,1,0.12500000000000000000,0.12500000000000000000
2021-08-21,2021-08-16,2021-08-01,2021,/JOB(project10)/JOBNUMBER(7547)/SCENE(449pp)/SHOT(449pp_058)/DEPT(light)/TASK(shot_lighting),project10,7547,shot,light,shot_lighting,449pp,449pp_058,,,,,2edfdd88d4b94047e75ed63d68200a78,Vancouver,2,0.28125000000000000000,0.28125000000000000000
2021-08-21,2021-08-16,2021-08-01,2021,/JOB(project10)/JOBNUMBER(7547)/SCENE(257kl)/SHOT(257kl_040)/DEPT(light)/TASK(light_qc),project10,7547,shot,light,light_qc,257kl,257kl_040,,,,,2edfdd88d4b94047e75ed63d68200a78,Vancouver,1,0.09375000000000000000,0.09375000000000000000
2021-08-21,2021-08-16,2021-08-01,2021,/JOB(project10)/JOBNUMBER(7547)/SCENE(zfx02)/SHOT(zfx02_lulumutant_push01)/DEPT(fx)/TASK(fx),project10,7547,z-shot,fx,fx,zfx02,zfx02_lulumutant_push01,,,,,2fbfa7d57d54dc7c09314731a9f63f13,Vancouver,2,1.00000000000000000000,1.00000000000000000000
2021-08-21,2021-08-16,2021-08-01,2021,/JOB(project10)/JOBNUMBER(7547)/SCENE(448bb)/SHOT(448bb_013)/DEPT(crowd)/TASK(crowd_final),project10,7547,shot,crowd,crowd_final,448bb,448bb_013,,,,,316f24714f51bcb4e92bc5bb02cef86c,Vancouver,1,0.37500000000000000000,0.37500000000000000000
2021-08-21,2021-08-16,2021-08-01,2021,/JOB(project10)/JOBNUMBER(7547)/SCENE(170td)/SHOT(170td_103)/DEPT(crowd)/TASK(crowd),project10,7547,shot,crowd,crowd,170td,170td_103,,,,,316f24714f51bcb4e92bc5bb02cef86c,Vancouver,1,0.62500000000000000000,0.62500000000000000000
2021-08-21,2021-08-16,2021-08-01,2021,/JOB(project10)/JOBNUMBER(7547)/TASK(prod),project10,7547,global-prod,,prod,,,,,,,32fe03b7b574d80257aa6da11191ee0e,Vancouver,3,0.62500000000000000000,0.62500000000000000000
2021-08-21,2021-08-16,2021-08-01,2021,/JOB(project10)/JOBNUMBER(7547)/SCENE(357fl)/SHOT(357fl_530)/DEPT(light)/TASK(shot_lighting),project10,7547,shot,light,shot_lighting,357fl,357fl_530,,,,,3479f1e0c868ced1a21e8fb6fde8dfd5,Vancouver,1,0.09375000000000000000,0.09375000000000000000
2021-08-21,2021-08-16,2021-08-01,2021,/JOB(project10)/JOBNUMBER(7547)/SCENE(354wh)/SHOT(354wh_230)/DEPT(light)/TASK(final_lighting),project10,7547,shot,light,final_lighting,354wh,354wh_230,,,,,3479f1e0c868ced1a21e8fb6fde8dfd5,Vancouver,1,0.09375000000000000000,0.09375000000000000000
2021-08-21,2021-08-16,2021-08-01,2021,/JOB(project10)/JOBNUMBER(7547)/SCENE(354wh)/SHOT(354wh_105)/DEPT(light)/TASK(light_qc),project10,7547,shot,light,light_qc,354wh,354wh_105,,,,,3479f1e0c868ced1a21e8fb6fde8dfd5,Vancouver,1,0.09375000000000000000,0.09375000000000000000
2021-08-21,2021-08-16,2021-08-01,2021,/JOB(project10)/JOBNUMBER(7547)/SCENE(356np)/SHOT(356np_620)/DEPT(light)/TASK(final_lighting),project10,7547,shot,light,final_lighting,356np,356np_620,,,,,3479f1e0c868ced1a21e8fb6fde8dfd5,Vancouver,2,0.25000000000000000000,0.25000000000000000000
2021-08-21,2021-08-16,2021-08-01,2021,/JOB(project10)/JOBNUMBER(7547)/SCENE(354wh)/SHOT(354wh_140)/DEPT(comp)/TASK(comp_qc),project10,7547,shot,comp,comp_qc,354wh,354wh_140,,,,,3479f1e0c868ced1a21e8fb6fde8dfd5,Vancouver,1,0.06250000000000000000,0.06250000000000000000
2021-08-21,2021-08-16,2021-08-01,2021,/JOB(project10)/JOBNUMBER(7547)/SCENE(446cs)/SHOT(446cs_200)/DEPT(light)/TASK(shot_lighting),project10,7547,shot,light,shot_lighting,446cs,446cs_200,,,,,3479f1e0c868ced1a21e8fb6fde8dfd5,Vancouver,1,0.15625000000000000000,0.15625000000000000000
2021-08-21,2021-08-16,2021-08-01,2021,/JOB(project10)/JOBNUMBER(7547)/SCENE(354wh)/SHOT(354wh_170)/DEPT(light)/TASK(light_qc),project10,7547,shot,light,light_qc,354wh,354wh_170,,,,,3479f1e0c868ced1a21e8fb6fde8dfd5,Vancouver,2,0.28125000000000000000,0.28125000000000000000
2021-08-21,2021-08-16,2021-08-01,2021,/JOB(project10)/JOBNUMBER(7547)/SCENE(445bt)/SHOT(445bt_290)/DEPT(light)/TASK(light_qc),project10,7547,shot,light,light_qc,445bt,445bt_290,,,,,3479f1e0c868ced1a21e8fb6fde8dfd5,Vancouver,1,0.06250000000000000000,0.06250000000000000000
2021-08-21,2021-08-16,2021-08-01,2021,/JOB(project10)/JOBNUMBER(7547)/SCENE(446cs)/SHOT(446cs_210)/DEPT(light)/TASK(final_lighting),project10,7547,shot,light,final_lighting,446cs,446cs_210,,,,,3479f1e0c868ced1a21e8fb6fde8dfd5,Vancouver,1,0.03125000000000000000,0.03125000000000000000
2021-08-21,2021-08-16,2021-08-01,2021,/JOB(project10)/JOBNUMBER(7547)/SCENE(339ex)/SHOT(339ex_010)/DEPT(light)/TASK(light_qc),project10,7547,shot,light,light_qc,339ex,339ex_010,,,,,3479f1e0c868ced1a21e8fb6fde8dfd5,Vancouver,1,0.09375000000000000000,0.09375000000000000000
2021-08-21,2021-08-16,2021-08-01,2021,/JOB(project10)/JOBNUMBER(7547)/TASKLEVEL(department)/DEPT(light)/TASK(training),project10,7547,global-dept,light,training,,,,,,,35230467e6055f79b2e03f2e3f7185d7,Vancouver,2,1.00000000000000000000,1.00000000000000000000
2021-08-21,2021-08-16,2021-08-01,2021,/JOB(project10)/JOBNUMBER(7547)/TASK(supervision),project10,7547,global-supervision,,supervision,,,,,,,36988902a854cb8ba10ff5fccc51f152,Vancouver,1,1.1875000000000000,1.1875000000000000
2021-08-21,2021-08-16,2021-08-01,2021,/JOB(project10)/JOBNUMBER(7547)/SCENE(460ar)/SHOT(460ar_015)/DEPT(charfx)/TASK(charfx),project10,7547,shot,charfx,charfx,460ar,460ar_015,,,,,3865a57e5fbe6eb5e4bc9fc26c5853d2,Vancouver,1,0.62500000000000000000,0.62500000000000000000
2021-08-21,2021-08-16,2021-08-01,2021,/JOB(project10)/JOBNUMBER(7547)/SCENE(448bb)/SHOT(448bb_013)/DEPT(charfx)/TASK(charfx),project10,7547,shot,charfx,charfx,448bb,448bb_013,,,,,3865a57e5fbe6eb5e4bc9fc26c5853d2,Vancouver,1,0.37500000000000000000,0.37500000000000000000
2021-08-21,2021-08-16,2021-08-01,2021,/JOB(project10)/JOBNUMBER(7547)/TASK(supervision),project10,7547,global-supervision,,supervision,,,,,,,3d34999e0a8be5def66101bd0431761c,Vancouver,2,0.68750000000000000000,0.68750000000000000000
2021-08-21,2021-08-16,2021-08-01,2021,/JOB(project10)/JOBNUMBER(7547)/TASK(supervision),project10,7547,global-supervision,,supervision,,,,,,,3e4b25ce7c909dc6d9a061b1630ef1a8,Vancouver,2,1.1562500000000000,1.1562500000000000
2021-08-21,2021-08-16,2021-08-01,2021,/JOB(project10)/JOBNUMBER(7547)/SCENE(446cs)/SHOT(446cs_410)/DEPT(charfx)/TASK(charfx),project10,7547,shot,charfx,charfx,446cs,446cs_410,,,,,3fdad41194e6a84db3ae685fa97aa273,Vancouver,1,0.50000000000000000000,0.50000000000000000000
2021-08-21,2021-08-16,2021-08-01,2021,/JOB(project10)/JOBNUMBER(7547)/SCENE(460ar)/SHOT(460ar_633)/DEPT(charfx)/TASK(charfx),project10,7547,shot,charfx,charfx,460ar,460ar_633,,,,,3fdad41194e6a84db3ae685fa97aa273,Vancouver,1,0.50000000000000000000,0.50000000000000000000
2021-08-21,2021-08-16,2021-08-01,2021,/JOB(project10)/JOBNUMBER(7547)/SCENE(448bb)/SHOT(448bb_080)/DEPT(crowd)/TASK(crowd),project10,7547,shot,crowd,crowd,448bb,448bb_080,,,,,400d8c1eec7060e0a8cfbf053f3e8677,Vancouver,2,1.00000000000000000000,1.00000000000000000000
2021-08-21,2021-08-16,2021-08-01,2021,/JOB(project10)/JOBNUMBER(7547)/SCENE(449pp)/SHOT(449pp_320)/DEPT(anim)/TASK(anim_techfix),project10,7547,shot,anim,anim_techfix,449pp,449pp_320,,,,,4105a7e4db6fd66fb42aca09f8eb346e,Vancouver,1,0.37500000000000000000,0.37500000000000000000
2021-08-21,2021-08-16,2021-08-01,2021,/JOB(project10)/JOBNUMBER(7547)/SCENE(460ar)/SHOT(460ar_490)/DEPT(anim)/TASK(anim_blocking),project10,7547,shot,anim,anim_blocking,460ar,460ar_490,,,,,4105a7e4db6fd66fb42aca09f8eb346e,Vancouver,1,0.75000000000000000000,0.75000000000000000000
2021-08-21,2021-08-16,2021-08-01,2021,/JOB(project10)/JOBNUMBER(7547)/SCENE(448bb)/SHOT(448bb_260)/DEPT(anim)/TASK(animation),project10,7547,shot,anim,animation,448bb,448bb_260,,,,,4119518f7b3e93a32c4bcb008985e71c,Vancouver,2,1.00000000000000000000,1.00000000000000000000
2021-08-21,2021-08-16,2021-08-01,2021,/JOB(project10)/JOBNUMBER(7547)/SCENE(460ar)/SHOT(460ar_310)/DEPT(anim)/TASK(anim_qc),project10,7547,shot,anim,anim_qc,460ar,460ar_310,,,,,4119518f7b3e93a32c4bcb008985e71c,Vancouver,1,0.25000000000000000000,0.25000000000000000000
2021-08-21,2021-08-16,2021-08-01,2021,/JOB(project10)/JOBNUMBER(7547)/SCENE(448bb)/SHOT(448bb_260)/DEPT(anim)/TASK(animation),project10,7547,shot,anim,animation,448bb,448bb_260,,,,,42085cda1ad479e8a675af683fbe29a1,Vancouver,2,1.00000000000000000000,1.00000000000000000000
2021-08-21,2021-08-16,2021-08-01,2021,/JOB(project10)/JOBNUMBER(7547)/SCENE(448bb)/SHOT(448bb_260)/DEPT(anim)/TASK(animation),project10,7547,shot,anim,animation,448bb,448bb_260,,,,,4244506b42c1068d01bd8d068e8a8b4e,Vancouver,2,1.1250000000000000,1.1250000000000000
2021-08-21,2021-08-16,2021-08-01,2021,/JOB(project10)/JOBNUMBER(7547)/SCENE(123rk)/SHOT(123rk_523)/DEPT(anim)/TASK(animation),project10,7547,shot,anim,animation,123rk,123rk_523,,,,,44284fd5739b328400ecfb968e1cb579,Vancouver,2,1.00000000000000000000,1.00000000000000000000
2021-08-21,2021-08-16,2021-08-01,2021,/JOB(project10)/JOBNUMBER(7547)/SCENE(448bb)/SHOT(448bb_220)/DEPT(anim)/TASK(animation),project10,7547,shot,anim,animation,448bb,448bb_220,,,,,44284fd5739b328400ecfb968e1cb579,Vancouver,1,0.25000000000000000000,0.25000000000000000000
2021-08-21,2021-08-16,2021-08-01,2021,/JOB(project10)/JOBNUMBER(7547)/TASKLEVEL(dev)/JIRAPROJECT(light)/JIRAISSUE(light_1743),project10,7547,jira-issue,,,,,,,light,light_1743,44e3ecec689629ae527f03b443e3cd1f,Vancouver,3,0.50000000000000000000,0.50000000000000000000
2021-08-21,2021-08-16,2021-08-01,2021,/JOB(project10)/JOBNUMBER(7547)/TASK(supervision),project10,7547,global-supervision,,supervision,,,,,,,4605dc4f5a8fd5d98b9adee4e857d08c,Vancouver,1,0.25000000000000000000,0.25000000000000000000
2021-08-21,2021-08-16,2021-08-01,2021,/JOB(project10)/JOBNUMBER(7547)/TASK(supervision),project10,7547,global-supervision,,supervision,,,,,,,463144c60eff4b2a4744b9ffb7be5a2c,Vancouver,2,1.00000000000000000000,1.00000000000000000000
2021-08-21,2021-08-16,2021-08-01,2021,/JOB(project10)/JOBNUMBER(7547)/SCENE(446cs)/SHOT(446cs_300)/DEPT(finallayout)/TASK(final_layout),project10,7547,shot,finallayout,final_layout,446cs,446cs_300,,,,,484ea5618aaf3e9c851c28c6dbca6a1f,Vancouver,1,0.06250000000000000000,0.06250000000000000000
2021-08-21,2021-08-16,2021-08-01,2021,/JOB(project10)/JOBNUMBER(7547)/SCENE(448bb)/SHOT(448bb_020)/DEPT(layout)/TASK(shot_assembly),project10,7547,shot,layout,shot_assembly,448bb,448bb_020,,,,,484ea5618aaf3e9c851c28c6dbca6a1f,Vancouver,1,0.12500000000000000000,0.12500000000000000000
2021-08-21,2021-08-16,2021-08-01,2021,/JOB(project10)/JOBNUMBER(7547)/SCENE(040dr)/SHOT(040dr_020)/DEPT(finallayout)/TASK(flo_techfix),project10,7547,shot,finallayout,flo_techfix,040dr,040dr_020,,,,,484ea5618aaf3e9c851c28c6dbca6a1f,Vancouver,1,0.15625000000000000000,0.15625000000000000000
2021-08-21,2021-08-16,2021-08-01,2021,/JOB(project10)/JOBNUMBER(7547)/SCENE(040dr)/SHOT(040dr_320)/DEPT(finallayout)/TASK(camera_fix),project10,7547,shot,finallayout,camera_fix,040dr,040dr_320,,,,,484ea5618aaf3e9c851c28c6dbca6a1f,Vancouver,1,0.21875000000000000000,0.21875000000000000000
2021-08-21,2021-08-16,2021-08-01,2021,/JOB(project10)/JOBNUMBER(7547)/SCENE(448bb)/SHOT(448bb_260)/DEPT(layout)/TASK(shot_assembly),project10,7547,shot,layout,shot_assembly,448bb,448bb_260,,,,,484ea5618aaf3e9c851c28c6dbca6a1f,Vancouver,2,0.25000000000000000000,0.25000000000000000000
2021-08-21,2021-08-16,2021-08-01,2021,/JOB(project10)/JOBNUMBER(7547)/SCENE(354wh)/SHOT(354wh_260)/DEPT(finallayout)/TASK(final_layout),project10,7547,shot,finallayout,final_layout,354wh,354wh_260,,,,,484ea5618aaf3e9c851c28c6dbca6a1f,Vancouver,1,0.09375000000000000000,0.09375000000000000000
2021-08-21,2021-08-16,2021-08-01,2021,/JOB(project10)/JOBNUMBER(7547)/SCENE(448bb)/SHOT(448bb_020)/DEPT(finallayout)/TASK(final_layout),project10,7547,shot,finallayout,final_layout,448bb,448bb_020,,,,,484ea5618aaf3e9c851c28c6dbca6a1f,Vancouver,1,0.09375000000000000000,0.09375000000000000000
2021-08-21,2021-08-16,2021-08-01,2021,/JOB(project10)/JOBNUMBER(7547)/TASK(supervision),project10,7547,global-supervision,,supervision,,,,,,,4d514818aed9aef257d1056047f1a2a5,Vancouver,1,1.00000000000000000000,1.00000000000000000000
2021-08-21,2021-08-16,2021-08-01,2021,/JOB(project10)/JOBNUMBER(7547)/SCENE(363up)/SHOT(363up_313)/DEPT(light)/TASK(final_lighting),project10,7547,shot,light,final_lighting,363up,363up_313,,,,,4e8913f84e8eca08313c5dba1ddb17a3,Vancouver,1,0.12500000000000000000,0.12500000000000000000
2021-08-21,2021-08-16,2021-08-01,2021,/JOB(project10)/JOBNUMBER(7547)/SCENE(363up)/SHOT(363up_375)/DEPT(light)/TASK(final_lighting),project10,7547,shot,light,final_lighting,363up,363up_375,,,,,4e8913f84e8eca08313c5dba1ddb17a3,Vancouver,1,0.12500000000000000000,0.12500000000000000000
2021-08-21,2021-08-16,2021-08-01,2021,/JOB(project10)/JOBNUMBER(7547)/SCENE(446cs)/SHOT(446cs_180)/DEPT(light)/TASK(final_lighting),project10,7547,shot,light,final_lighting,446cs,446cs_180,,,,,4e8913f84e8eca08313c5dba1ddb17a3,Vancouver,1,0.25000000000000000000,0.25000000000000000000
2021-08-21,2021-08-16,2021-08-01,2021,/JOB(project10)/JOBNUMBER(7547)/SCENE(446cs)/SHOT(446cs_180)/DEPT(light)/TASK(shot_lighting),project10,7547,shot,light,shot_lighting,446cs,446cs_180,,,,,4e8913f84e8eca08313c5dba1ddb17a3,Vancouver,2,0.62500000000000000000,0.62500000000000000000
2021-08-21,2021-08-16,2021-08-01,2021,/JOB(project10)/JOBNUMBER(7547)/TASK(supervision),project10,7547,global-supervision,,supervision,,,,,,,4f12bbe2deb9958410c21d08cb608418,Vancouver,2,1.0625000000000000,1.0625000000000000
2021-08-21,2021-08-16,2021-08-01,2021,/JOB(project10)/JOBNUMBER(7547)/SCENE(448bb)/SHOT(448bb_023)/DEPT(finallayout)/TASK(final_layout),project10,7547,shot,finallayout,final_layout,448bb,448bb_023,,,,,4fdab94a61a515f400d382683df88e5c,Vancouver,1,0.18750000000000000000,0.18750000000000000000
2021-08-21,2021-08-16,2021-08-01,2021,/JOB(project10)/JOBNUMBER(7547)/SCENE(373sf)/SHOT(373sf_265)/DEPT(finallayout)/TASK(final_layout),project10,7547,shot,finallayout,final_layout,373sf,373sf_265,,,,,4fdab94a61a515f400d382683df88e5c,Vancouver,1,0.25000000000000000000,0.25000000000000000000
2021-08-21,2021-08-16,2021-08-01,2021,/JOB(project10)/JOBNUMBER(7547)/SCENE(448bb)/SHOT(448bb_410)/DEPT(finallayout)/TASK(final_layout),project10,7547,shot,finallayout,final_layout,448bb,448bb_410,,,,,4fdab94a61a515f400d382683df88e5c,Vancouver,1,0.25000000000000000000,0.25000000000000000000
2021-08-21,2021-08-16,2021-08-01,2021,/JOB(project10)/JOBNUMBER(7547)/SCENE(448bb)/SHOT(448bb_400)/DEPT(finallayout)/TASK(final_layout),project10,7547,shot,finallayout,final_layout,448bb,448bb_400,,,,,4fdab94a61a515f400d382683df88e5c,Vancouver,1,0.12500000000000000000,0.12500000000000000000
2021-08-21,2021-08-16,2021-08-01,2021,/JOB(project10)/JOBNUMBER(7547)/SCENE(448bb)/SHOT(448bb_600)/DEPT(finallayout)/TASK(final_layout),project10,7547,shot,finallayout,final_layout,448bb,448bb_600,,,,,4fdab94a61a515f400d382683df88e5c,Vancouver,1,0.18750000000000000000,0.18750000000000000000
2021-08-21,2021-08-16,2021-08-01,2021,/JOB(project10)/JOBNUMBER(7547)/SCENE(354wh)/SHOT(354wh_302)/DEPT(anim)/TASK(anim_qc),project10,7547,shot,anim,anim_qc,354wh,354wh_302,,,,,52212684ec354595b5b27dbd3f13da07,Vancouver,1,0.12500000000000000000,0.12500000000000000000
2021-08-21,2021-08-16,2021-08-01,2021,/JOB(project10)/JOBNUMBER(7547)/SCENE(354wh)/SHOT(354wh_302)/DEPT(anim)/TASK(animation),project10,7547,shot,anim,animation,354wh,354wh_302,,,,,52212684ec354595b5b27dbd3f13da07,Vancouver,2,0.43750000000000000000,0.43750000000000000000
2021-08-21,2021-08-16,2021-08-01,2021,/JOB(project10)/JOBNUMBER(7547)/SCENE(448bb)/SHOT(448bb_009)/DEPT(anim)/TASK(anim_blocking),project10,7547,shot,anim,anim_blocking,448bb,448bb_009,,,,,52212684ec354595b5b27dbd3f13da07,Vancouver,3,0.53125000000000000000,0.53125000000000000000
2021-08-21,2021-08-16,2021-08-01,2021,/JOB(project10)/JOBNUMBER(7547)/TASK(prod),project10,7547,global-prod,,prod,,,,,,,53890956b5c3bc1edc71f4f99c8c7bba,Vancouver,2,1.0625000000000000,1.0625000000000000
2021-08-21,2021-08-16,2021-08-01,2021,/JOB(project10)/JOBNUMBER(7547)/TASKLEVEL(department)/DEPT(anim)/TASK(td),project10,7547,global-dept,anim,td,,,,,,,5533fe2619968e1e34c4bd61bbebbdc5,Vancouver,2,1.00000000000000000000,1.00000000000000000000
2021-08-21,2021-08-16,2021-08-01,2021,/JOB(project10)/JOBNUMBER(7547)/SCENE(446cs)/SHOT(446cs_240)/DEPT(mattepainting)/TASK(mattepainting),project10,7547,shot,mattepainting,mattepainting,446cs,446cs_240,,,,,553f043feaa121bd1462e7751eafa70e,Vancouver,1,0.62500000000000000000,0.62500000000000000000
2021-08-21,2021-08-16,2021-08-01,2021,/JOB(project10)/JOBNUMBER(7547)/SCENE(446cs)/SHOT(446cs_287)/DEPT(mattepainting)/TASK(mattepainting),project10,7547,shot,mattepainting,mattepainting,446cs,446cs_287,,,,,553f043feaa121bd1462e7751eafa70e,Vancouver,1,0.37500000000000000000,0.37500000000000000000
2021-08-21,2021-08-16,2021-08-01,2021,/JOB(project10)/JOBNUMBER(7547)/TASKLEVEL(department)/DEPT(anim)/TASK(td),project10,7547,global-dept,anim,td,,,,,,,572e2146944996149796af41c3d4be62,Vancouver,2,1.00000000000000000000,1.00000000000000000000
2021-08-21,2021-08-16,2021-08-01,2021,/JOB(project10)/JOBNUMBER(7547)/TASK(supervision),project10,7547,global-supervision,,supervision,,,,,,,5930d2f67d427c68c1e248e3f2bf76e0,Vancouver,2,1.00000000000000000000,1.00000000000000000000
2021-08-21,2021-08-16,2021-08-01,2021,/JOB(project10)/JOBNUMBER(7547)/TASK(prod),project10,7547,global-prod,,prod,,,,,,,59bdcd5b5c6443e5ac1d0bd22b6e2f50,Vancouver,2,1.1875000000000000,1.1875000000000000
2021-08-21,2021-08-16,2021-08-01,2021,/JOB(project10)/JOBNUMBER(7547)/TASK(prod),project10,7547,global-prod,,prod,,,,,,,59fb32dde3b2c28f466d5d106366bb65,Vancouver,2,1.1250000000000000,1.00000000000000000000
2021-08-21,2021-08-16,2021-08-01,2021,/JOB(project10)/JOBNUMBER(7547)/TASK(lead),project10,7547,global-lead,,lead,,,,,,,5b150146873f67eff5def8b46bb03769,Vancouver,4,0.68750000000000000000,0.68750000000000000000
2021-08-21,2021-08-16,2021-08-01,2021,/JOB(project10)/JOBNUMBER(7547)/SCENE(377kf)/SHOT(377kf_250)/DEPT(charfx)/TASK(charfx),project10,7547,shot,charfx,charfx,377kf,377kf_250,,,,,5b150146873f67eff5def8b46bb03769,Vancouver,2,0.31250000000000000000,0.31250000000000000000
2021-08-21,2021-08-16,2021-08-01,2021,/JOB(project10)/JOBNUMBER(7547)/SCENE(240tv)/SHOT(240tv_007)/DEPT(mattepainting)/TASK(mattepainting),project10,7547,shot,mattepainting,mattepainting,240tv,240tv_007,,,,,5b9b026ba2221ea91305b59cefa8a3b7,Sydney,2,1.00000000000000000000,1.00000000000000000000
2021-08-21,2021-08-16,2021-08-01,2021,/JOB(project10)/JOBNUMBER(7547)/TASK(prod),project10,7547,global-prod,,prod,,,,,,,5db1799938479bd448f61ca335e0549c,Vancouver,2,1.1250000000000000,1.1250000000000000
2021-08-21,2021-08-16,2021-08-01,2021,/JOB(project10)/JOBNUMBER(7547)/SCENE(449pp)/SHOT(449pp_187)/DEPT(layout)/TASK(shot_assembly),project10,7547,shot,layout,shot_assembly,449pp,449pp_187,,,,,5f55f3f49638bb8931389ef811320d0f,Vancouver,1,0.12500000000000000000,0.12500000000000000000
2021-08-21,2021-08-16,2021-08-01,2021,/JOB(project10)/JOBNUMBER(7547)/TASKLEVEL(department)/DEPT(layout)/TASK(idle_inv),project10,7547,global-idle,layout,idle_inv,,,,,,,5f55f3f49638bb8931389ef811320d0f,Vancouver,1,0.25000000000000000000,0.25000000000000000000
2021-08-21,2021-08-16,2021-08-01,2021,/JOB(project10)/JOBNUMBER(7547)/SCENE(449pp)/SHOT(449pp_055)/DEPT(finallayout)/TASK(final_layout),project10,7547,shot,finallayout,final_layout,449pp,449pp_055,,,,,5f55f3f49638bb8931389ef811320d0f,Vancouver,2,0.25000000000000000000,0.25000000000000000000
2021-08-21,2021-08-16,2021-08-01,2021,/JOB(project10)/JOBNUMBER(7547)/SCENE(240tv)/SHOT(240tv_080)/DEPT(finallayout)/TASK(camera_fix),project10,7547,shot,finallayout,camera_fix,240tv,240tv_080,,,,,5f55f3f49638bb8931389ef811320d0f,Vancouver,1,0.12500000000000000000,0.12500000000000000000
2021-08-21,2021-08-16,2021-08-01,2021,/JOB(project10)/JOBNUMBER(7547)/SCENE(354wh)/SHOT(354wh_301)/DEPT(layout)/TASK(shot_assembly),project10,7547,shot,layout,shot_assembly,354wh,354wh_301,,,,,5f55f3f49638bb8931389ef811320d0f,Vancouver,2,0.25000000000000000000,0.25000000000000000000
2021-08-21,2021-08-16,2021-08-01,2021,/JOB(project10)/JOBNUMBER(7547)/TASK(supervision),project10,7547,global-supervision,,supervision,,,,,,,6008900677b70e61c2a4170b2514aa5c,Vancouver,1,0.43750000000000000000,0.43750000000000000000
2021-08-21,2021-08-16,2021-08-01,2021,/JOB(project10)/JOBNUMBER(7547)/SCENE(446cs)/SHOT(446cs_570_in01)/DEPT(mattepainting)/TASK(mattepainting),project10,7547,shot,mattepainting,mattepainting,446cs,446cs_570_in01,,,,,65a52c22aaa98341112fcabc1cf10cbd,Vancouver,1,1.00000000000000000000,1.00000000000000000000
2021-08-21,2021-08-16,2021-08-01,2021,/JOB(project10)/JOBNUMBER(7547)/SCENE(449pp)/SHOT(449pp_155)/DEPT(fx)/TASK(fx),project10,7547,shot,fx,fx,449pp,449pp_155,,,,,66d214a2f1c594b7ba6ddf8f069bf581,Vancouver,1,0.62500000000000000000,0.62500000000000000000
2021-08-21,2021-08-16,2021-08-01,2021,/JOB(project10)/JOBNUMBER(7547)/SCENE(449pp)/SHOT(449pp_135)/DEPT(fx)/TASK(fx),project10,7547,shot,fx,fx,449pp,449pp_135,,,,,66d214a2f1c594b7ba6ddf8f069bf581,Vancouver,1,0.50000000000000000000,0.50000000000000000000
2021-08-21,2021-08-16,2021-08-01,2021,/JOB(project10)/JOBNUMBER(7547)/SCENE(446cs)/SHOT(446cs_240)/DEPT(light)/TASK(final_lighting),project10,7547,shot,light,final_lighting,446cs,446cs_240,,,,,68035d01ab815fe67e38cb5c1aa941c6,Vancouver,1,0.37500000000000000000,0.37500000000000000000
2021-08-21,2021-08-16,2021-08-01,2021,/JOB(project10)/JOBNUMBER(7547)/SCENE(446cs)/SHOT(446cs_283)/DEPT(light)/TASK(shot_lighting),project10,7547,shot,light,shot_lighting,446cs,446cs_283,,,,,68035d01ab815fe67e38cb5c1aa941c6,Vancouver,1,0.62500000000000000000,0.62500000000000000000
2021-08-21,2021-08-16,2021-08-01,2021,/JOB(project10)/JOBNUMBER(7547)/SCENE(460ar)/SHOT(460ar_280)/DEPT(fx)/TASK(fx),project10,7547,shot,fx,fx,460ar,460ar_280,,,,,6890b0e603155f043892a7cc99565e78,Sydney,1,0.25000000000000000000,0.25000000000000000000
2021-08-21,2021-08-16,2021-08-01,2021,/JOB(project10)/JOBNUMBER(7547)/TASK(supervision),project10,7547,global-supervision,,supervision,,,,,,,68b512f5fb495d3eafbf31f866130abe,Vancouver,2,1.0625000000000000,1.0625000000000000
2021-08-21,2021-08-16,2021-08-01,2021,/JOB(project10)/JOBNUMBER(7547)/SCENE(475sp)/SHOT(475sp_150)/DEPT(anim)/TASK(anim_qc),project10,7547,shot,anim,anim_qc,475sp,475sp_150,,,,,7060c169a2bc34ca76997e25508a620f,Vancouver,1,0.37500000000000000000,0.37500000000000000000
2021-08-21,2021-08-16,2021-08-01,2021,/JOB(project10)/JOBNUMBER(7547)/TASKLEVEL(department)/DEPT(anim)/TASK(idle_inv),project10,7547,global-idle,anim,idle_inv,,,,,,,7060c169a2bc34ca76997e25508a620f,Vancouver,1,0.62500000000000000000,0.62500000000000000000
2021-08-21,2021-08-16,2021-08-01,2021,/JOB(project10)/JOBNUMBER(7547)/TASK(prod),project10,7547,global-prod,,prod,,,,,,,70b4efe0a986687165ca252041bab1b8,Vancouver,2,1.1562500000000000,1.1562500000000000
2021-08-21,2021-08-16,2021-08-01,2021,/JOB(project10)/JOBNUMBER(7547)/TASK(supervision),project10,7547,global-supervision,,supervision,,,,,,,71173a5a8d548feb1279acfb3a8c94d9,Vancouver,2,1.2500000000000000,1.2500000000000000
2021-08-21,2021-08-16,2021-08-01,2021,/JOB(project10)/JOBNUMBER(7547)/TASK(di),project10,7547,global-dept,,di,,,,,,,735628a2dd14c3c1fe2c8feecb39a3c8,Vancouver,2,1.1875000000000000,1.1875000000000000
2021-08-21,2021-08-16,2021-08-01,2021,/JOB(project10)/JOBNUMBER(7547)/SCENE(081ok)/SHOT(081ok_330)/DEPT(charfx)/TASK(charfx),project10,7547,shot,charfx,charfx,081ok,081ok_330,,,,,753f7175815496a863a707dd194e8d73,Vancouver,2,0.87500000000000000000,0.87500000000000000000
2021-08-21,2021-08-16,2021-08-01,2021,/JOB(project10)/JOBNUMBER(7547)/SCENE(240tv)/SHOT(240tv_280)/DEPT(charfx)/TASK(charfx),project10,7547,shot,charfx,charfx,240tv,240tv_280,,,,,753f7175815496a863a707dd194e8d73,Vancouver,1,0.12500000000000000000,0.12500000000000000000
2021-08-21,2021-08-16,2021-08-01,2021,/JOB(project10)/JOBNUMBER(7547)/TASK(prod),project10,7547,global-prod,,prod,,,,,,,79c9c6d56168b95103ba3d819ba8bab1,Vancouver,2,1.2812500000000000,1.2812500000000000
2021-08-21,2021-08-16,2021-08-01,2021,/JOB(project10)/JOBNUMBER(7547)/SCENE(446cs)/SHOT(446cs_310)/DEPT(light)/TASK(shot_lighting),project10,7547,shot,light,shot_lighting,446cs,446cs_310,,,,,7c326986426603d7fefe51482ee59084,Vancouver,1,0.37500000000000000000,0.37500000000000000000
2021-08-21,2021-08-16,2021-08-01,2021,/JOB(project10)/JOBNUMBER(7547)/SCENE(449pp)/SHOT(449pp_281)/DEPT(light)/TASK(shot_lighting),project10,7547,shot,light,shot_lighting,449pp,449pp_281,,,,,7c326986426603d7fefe51482ee59084,Vancouver,1,0.62500000000000000000,0.62500000000000000000
2021-08-21,2021-08-16,2021-08-01,2021,/JOB(project10)/JOBNUMBER(7547)/SCENE(040dr)/SHOT(040dr_340_in01)/DEPT(anim)/TASK(animation),project10,7547,shot,anim,animation,040dr,040dr_340_in01,,,,,7ebfe35919b6b8fa42be365f836f88a1,Vancouver,2,1.1250000000000000,1.1250000000000000
2021-08-21,2021-08-16,2021-08-01,2021,/JOB(project10)/JOBNUMBER(7547)/SCENE(475sp)/SHOT(475sp_060)/DEPT(anim)/TASK(anim_techfix),project10,7547,shot,anim,anim_techfix,475sp,475sp_060,,,,,7ebfe35919b6b8fa42be365f836f88a1,Vancouver,1,0.12500000000000000000,0.12500000000000000000
2021-08-21,2021-08-16,2021-08-01,2021,/JOB(project10)/JOBNUMBER(7547)/SCENE(040dr)/SHOT(040dr_250)/DEPT(finallayout)/TASK(flo_redo),project10,7547,shot,finallayout,flo_redo,040dr,040dr_250,,,,,7f27bf293fe0b93dff5802799386f1f6,Vancouver,1,0.12500000000000000000,0.12500000000000000000
2021-08-21,2021-08-16,2021-08-01,2021,/JOB(project10)/JOBNUMBER(7547)/SCENE(354wh)/SHOT(354wh_230)/DEPT(finallayout)/TASK(final_layout),project10,7547,shot,finallayout,final_layout,354wh,354wh_230,,,,,7f27bf293fe0b93dff5802799386f1f6,Vancouver,1,0.25000000000000000000,0.25000000000000000000
2021-08-21,2021-08-16,2021-08-01,2021,/JOB(project10)/JOBNUMBER(7547)/SCENE(354wh)/SHOT(354wh_080)/DEPT(finallayout)/TASK(camera_fix),project10,7547,shot,finallayout,camera_fix,354wh,354wh_080,,,,,7f27bf293fe0b93dff5802799386f1f6,Vancouver,3,0.43750000000000000000,0.43750000000000000000
2021-08-21,2021-08-16,2021-08-01,2021,/JOB(project10)/JOBNUMBER(7547)/SCENE(095dd)/SHOT(095dd_010)/DEPT(finallayout)/TASK(camera_fix),project10,7547,shot,finallayout,camera_fix,095dd,095dd_010,,,,,7f27bf293fe0b93dff5802799386f1f6,Vancouver,1,0.09375000000000000000,0.09375000000000000000
2021-08-21,2021-08-16,2021-08-01,2021,/JOB(project10)/JOBNUMBER(7547)/SCENE(475sp)/SHOT(475sp_090)/DEPT(finallayout)/TASK(final_layout),project10,7547,shot,finallayout,final_layout,475sp,475sp_090,,,,,7f27bf293fe0b93dff5802799386f1f6,Vancouver,1,0.09375000000000000000,0.09375000000000000000
2021-08-21,2021-08-16,2021-08-01,2021,/JOB(project10)/JOBNUMBER(7547)/SCENE(363up)/SHOT(363up_020)/DEPT(light)/TASK(light_qc),project10,7547,shot,light,light_qc,363up,363up_020,,,,,7fafb0239c12a32e752ecf49b1ff8401,Vancouver,1,0.12500000000000000000,0.12500000000000000000
2021-08-21,2021-08-16,2021-08-01,2021,/JOB(project10)/JOBNUMBER(7547)/SCENE(475sp)/SHOT(475sp_079)/DEPT(light)/TASK(shot_lighting),project10,7547,shot,light,shot_lighting,475sp,475sp_079,,,,,7fafb0239c12a32e752ecf49b1ff8401,Vancouver,1,0.12500000000000000000,0.12500000000000000000
2021-08-21,2021-08-16,2021-08-01,2021,/JOB(project10)/JOBNUMBER(7547)/SCENE(460ar)/SHOT(460ar_432)/DEPT(light)/TASK(shot_lighting),project10,7547,shot,light,shot_lighting,460ar,460ar_432,,,,,7fafb0239c12a32e752ecf49b1ff8401,Vancouver,1,0.12500000000000000000,0.12500000000000000000
2021-08-21,2021-08-16,2021-08-01,2021,/JOB(project10)/JOBNUMBER(7547)/SCENE(460ar)/SHOT(460ar_425)/DEPT(light)/TASK(shot_lighting),project10,7547,shot,light,shot_lighting,460ar,460ar_425,,,,,7fafb0239c12a32e752ecf49b1ff8401,Vancouver,1,0.12500000000000000000,0.12500000000000000000
2021-08-21,2021-08-16,2021-08-01,2021,/JOB(project10)/JOBNUMBER(7547)/SCENE(475sp)/SHOT(475sp_150)/DEPT(light)/TASK(shot_lighting),project10,7547,shot,light,shot_lighting,475sp,475sp_150,,,,,7fafb0239c12a32e752ecf49b1ff8401,Vancouver,1,0.12500000000000000000,0.12500000000000000000
2021-08-21,2021-08-16,2021-08-01,2021,/JOB(project10)/JOBNUMBER(7547)/SCENE(446cs)/SHOT(446cs_140)/DEPT(light)/TASK(final_lighting),project10,7547,shot,light,final_lighting,446cs,446cs_140,,,,,7fafb0239c12a32e752ecf49b1ff8401,Vancouver,1,0.12500000000000000000,0.12500000000000000000
2021-08-21,2021-08-16,2021-08-01,2021,/JOB(project10)/JOBNUMBER(7547)/SCENE(460ar)/SHOT(460ar_440)/DEPT(light)/TASK(shot_lighting),project10,7547,shot,light,shot_lighting,460ar,460ar_440,,,,,7fafb0239c12a32e752ecf49b1ff8401,Vancouver,1,0.12500000000000000000,0.12500000000000000000
2021-08-21,2021-08-16,2021-08-01,2021,/JOB(project10)/JOBNUMBER(7547)/SCENE(446cs)/SHOT(446cs_100)/DEPT(light)/TASK(shot_lighting),project10,7547,shot,light,shot_lighting,446cs,446cs_100,,,,,7fafb0239c12a32e752ecf49b1ff8401,Vancouver,1,0.12500000000000000000,0.12500000000000000000
2021-08-21,2021-08-16,2021-08-01,2021,/JOB(project10)/JOBNUMBER(7547)/TASK(prod),project10,7547,global-prod,,prod,,,,,,,846ec665777093f3a202d00f623aba83,Vancouver,2,1.00000000000000000000,1.00000000000000000000
2021-08-21,2021-08-16,2021-08-01,2021,/JOB(project10)/JOBNUMBER(7547)/SCENE(446cs)/SHOT(446cs_160)/DEPT(layout)/TASK(shot_assembly),project10,7547,shot,layout,shot_assembly,446cs,446cs_160,,,,,84ee39a3419f2158bfccc2fe5065aac5,Vancouver,1,0.15625000000000000000,0.15625000000000000000
2021-08-21,2021-08-16,2021-08-01,2021,/JOB(project10)/JOBNUMBER(7547)/SCENE(460ar)/SHOT(460ar_600_in01)/DEPT(finallayout)/TASK(camera_fix),project10,7547,shot,finallayout,camera_fix,460ar,460ar_600_in01,,,,,84ee39a3419f2158bfccc2fe5065aac5,Vancouver,1,0.12500000000000000000,0.12500000000000000000
2021-08-21,2021-08-16,2021-08-01,2021,/JOB(project10)/JOBNUMBER(7547)/SCENE(460ar)/SHOT(460ar_310)/DEPT(finallayout)/TASK(camera_fix),project10,7547,shot,finallayout,camera_fix,460ar,460ar_310,,,,,84ee39a3419f2158bfccc2fe5065aac5,Vancouver,1,0.12500000000000000000,0.12500000000000000000
2021-08-21,2021-08-16,2021-08-01,2021,/JOB(project10)/JOBNUMBER(7547)/SCENE(460ar)/SHOT(460ar_590)/DEPT(finallayout)/TASK(final_layout),project10,7547,shot,finallayout,final_layout,460ar,460ar_590,,,,,84ee39a3419f2158bfccc2fe5065aac5,Vancouver,1,0.12500000000000000000,0.12500000000000000000
2021-08-21,2021-08-16,2021-08-01,2021,/JOB(project10)/JOBNUMBER(7547)/SCENE(446cs)/SHOT(446cs_420)/DEPT(finallayout)/TASK(final_layout),project10,7547,shot,finallayout,final_layout,446cs,446cs_420,,,,,84ee39a3419f2158bfccc2fe5065aac5,Vancouver,1,0.21875000000000000000,0.21875000000000000000
2021-08-21,2021-08-16,2021-08-01,2021,/JOB(project10)/JOBNUMBER(7547)/SCENE(460ar)/SHOT(460ar_600)/DEPT(finallayout)/TASK(camera_fix),project10,7547,shot,finallayout,camera_fix,460ar,460ar_600,,,,,84ee39a3419f2158bfccc2fe5065aac5,Vancouver,1,0.09375000000000000000,0.09375000000000000000
2021-08-21,2021-08-16,2021-08-01,2021,/JOB(project10)/JOBNUMBER(7547)/SCENE(475sp)/SHOT(475sp_040)/DEPT(finallayout)/TASK(final_layout),project10,7547,shot,finallayout,final_layout,475sp,475sp_040,,,,,84ee39a3419f2158bfccc2fe5065aac5,Vancouver,1,0.15625000000000000000,0.15625000000000000000
2021-08-21,2021-08-16,2021-08-01,2021,/JOB(project10)/JOBNUMBER(7547)/SCENE(465xu)/SHOT(465xu_090)/DEPT(anim)/TASK(animation),project10,7547,shot,anim,animation,465xu,465xu_090,,,,,85c1ccfe72430748dd2aef928f448415,Vancouver,2,1.1875000000000000,1.1875000000000000
2021-08-21,2021-08-16,2021-08-01,2021,/JOB(project10)/JOBNUMBER(7547)/SCENE(095dd)/SHOT(095dd_530)/DEPT(anim)/TASK(anim_redo),project10,7547,shot,anim,anim_redo,095dd,095dd_530,,,,,860a0ea3ef253e1010e029b7ba1fc91f,Vancouver,1,0.25000000000000000000,0.25000000000000000000
2021-08-21,2021-08-16,2021-08-01,2021,/JOB(project10)/JOBNUMBER(7547)/SCENE(025ws)/SHOT(025ws_025)/DEPT(anim)/TASK(anim_redo),project10,7547,shot,anim,anim_redo,025ws,025ws_025,,,,,860a0ea3ef253e1010e029b7ba1fc91f,Vancouver,1,0.37500000000000000000,0.37500000000000000000
2021-08-21,2021-08-16,2021-08-01,2021,/JOB(project10)/JOBNUMBER(7547)/SCENE(460ar)/SHOT(460ar_639)/DEPT(anim)/TASK(anim_qc),project10,7547,shot,anim,anim_qc,460ar,460ar_639,,,,,860a0ea3ef253e1010e029b7ba1fc91f,Vancouver,1,0.37500000000000000000,0.37500000000000000000
2021-08-21,2021-08-16,2021-08-01,2021,/JOB(project10)/JOBNUMBER(7547)/TASK(prod),project10,7547,global-prod,,prod,,,,,,,8729d293a70ba256044349c34fadf76f,Vancouver,2,1.0937500000000000,1.0937500000000000
2021-08-21,2021-08-16,2021-08-01,2021,/JOB(project10)/JOBNUMBER(7547)/SCENE(448bb)/SHOT(448bb_035)/DEPT(anim)/TASK(anim_qc),project10,7547,shot,anim,anim_qc,448bb,448bb_035,,,,,87dfd60fc08d87b6858e55f58752c7a1,Vancouver,2,1.00000000000000000000,1.00000000000000000000
2021-08-21,2021-08-16,2021-08-01,2021,/JOB(project10)/JOBNUMBER(7547)/TASK(prod),project10,7547,global-prod,,prod,,,,,,,87fe260213f985f705867ba21c9c2481,Vancouver,2,1.00000000000000000000,1.00000000000000000000
2021-08-21,2021-08-16,2021-08-01,2021,/JOB(project10)/JOBNUMBER(7547)/TASK(supervision),project10,7547,global-supervision,,supervision,,,,,,,8876e31f38c43c735531cd53fb79815c,Vancouver,2,1.00000000000000000000,1.00000000000000000000
2021-08-21,2021-08-16,2021-08-01,2021,/JOB(project10)/JOBNUMBER(7547)/TASK(supervision),project10,7547,global-supervision,,supervision,,,,,,,8ae1b7947968eb9cec6a3aca1f788aa7,Vancouver,1,0.37500000000000000000,0.37500000000000000000
2021-08-21,2021-08-16,2021-08-01,2021,/JOB(project10)/JOBNUMBER(7547)/ENTITYTYPE(set)/ENTITY(metropolis_bldg_lulu_int01)/DEPT(surf)/TASK(surf_techfix),project10,7547,global-entity,surf,surf_techfix,,,set,metropolis_bldg_lulu_int01,,,8c1cb2eae100cd0c6ee67fa8dffbf46c,Vancouver,2,1.00000000000000000000,1.00000000000000000000
2021-08-21,2021-08-16,2021-08-01,2021,/JOB(project10)/JOBNUMBER(7547)/TASKLEVEL(dev)/JIRAPROJECT(fx)/JIRAISSUE(fx_978),project10,7547,jira-issue,,,,,,,fx,fx_978,8f9f41eba44325318f9e7e3ebfec6946,Vancouver,1,0.37500000000000000000,0.37500000000000000000
2021-08-21,2021-08-16,2021-08-01,2021,/JOB(project10)/JOBNUMBER(7547)/SCENE(441lo)/SHOT(441lo_180)/DEPT(charfx)/TASK(charfx),project10,7547,shot,charfx,charfx,441lo,441lo_180,,,,,8f9f41eba44325318f9e7e3ebfec6946,Vancouver,2,0.62500000000000000000,0.62500000000000000000
2021-08-21,2021-08-16,2021-08-01,2021,/JOB(project10)/JOBNUMBER(7547)/SCENE(448bb)/SHOT(448bb_390)/DEPT(anim)/TASK(animation),project10,7547,shot,anim,animation,448bb,448bb_390,,,,,9083611605cb45336b7019a1e705599f,Vancouver,1,0.37500000000000000000,0.37500000000000000000
2021-08-21,2021-08-16,2021-08-01,2021,/JOB(project10)/JOBNUMBER(7547)/SCENE(448bb)/SHOT(448bb_395)/DEPT(anim)/TASK(anim_qc),project10,7547,shot,anim,anim_qc,448bb,448bb_395,,,,,9083611605cb45336b7019a1e705599f,Vancouver,1,0.12500000000000000000,0.12500000000000000000
2021-08-21,2021-08-16,2021-08-01,2021,/JOB(project10)/JOBNUMBER(7547)/SCENE(123rk)/SHOT(123rk_100)/DEPT(anim)/TASK(anim_redo),project10,7547,shot,anim,anim_redo,123rk,123rk_100,,,,,9083611605cb45336b7019a1e705599f,Vancouver,2,0.62500000000000000000,0.62500000000000000000
2021-08-21,2021-08-16,2021-08-01,2021,/JOB(project10)/JOBNUMBER(7547)/SCENE(448bb)/SHOT(448bb_390)/DEPT(anim)/TASK(anim_qc),project10,7547,shot,anim,anim_qc,448bb,448bb_390,,,,,9083611605cb45336b7019a1e705599f,Vancouver,1,0.18750000000000000000,0.18750000000000000000
2021-08-21,2021-08-16,2021-08-01,2021,/JOB(project10)/JOBNUMBER(7547)/SCENE(449pp)/SHOT(449pp_225)/DEPT(crowd)/TASK(crowd),project10,7547,shot,crowd,crowd,449pp,449pp_225,,,,,9214fd96d23fbda7985d795fd55e07a9,Vancouver,1,0.50000000000000000000,0.50000000000000000000
2021-08-21,2021-08-16,2021-08-01,2021,/JOB(project10)/JOBNUMBER(7547)/SCENE(449pp)/SHOT(449pp_235)/DEPT(crowd)/TASK(crowd),project10,7547,shot,crowd,crowd,449pp,449pp_235,,,,,9214fd96d23fbda7985d795fd55e07a9,Vancouver,1,0.50000000000000000000,0.50000000000000000000
2021-08-21,2021-08-16,2021-08-01,2021,/JOB(project10)/JOBNUMBER(7547)/SCENE(448bb)/SHOT(448bb_180)/DEPT(anim)/TASK(anim_blocking),project10,7547,shot,anim,anim_blocking,448bb,448bb_180,,,,,9385b0cdb69a0fb77c4ca7eb06a827a8,Vancouver,1,0.75000000000000000000,0.75000000000000000000
2021-08-21,2021-08-16,2021-08-01,2021,/JOB(project10)/JOBNUMBER(7547)/SCENE(449pp)/SHOT(449pp_283)/DEPT(anim)/TASK(animation),project10,7547,shot,anim,animation,449pp,449pp_283,,,,,9385b0cdb69a0fb77c4ca7eb06a827a8,Vancouver,1,0.37500000000000000000,0.37500000000000000000
2021-08-21,2021-08-16,2021-08-01,2021,/JOB(project10)/JOBNUMBER(7547)/SCENE(095dd)/SHOT(095dd_600)/DEPT(finallayout)/TASK(camera_fix),project10,7547,shot,finallayout,camera_fix,095dd,095dd_600,,,,,972f77215eb47eff975d639c430eb4d1,Vancouver,1,0.06250000000000000000,0.06250000000000000000
2021-08-21,2021-08-16,2021-08-01,2021,/JOB(project10)/JOBNUMBER(7547)/SCENE(095dd)/SHOT(095dd_595)/DEPT(layout)/TASK(shot_assembly),project10,7547,shot,layout,shot_assembly,095dd,095dd_595,,,,,972f77215eb47eff975d639c430eb4d1,Vancouver,1,0.03125000000000000000,0.03125000000000000000
2021-08-21,2021-08-16,2021-08-01,2021,/JOB(project10)/JOBNUMBER(7547)/SCENE(354wh)/SHOT(354wh_302)/DEPT(finallayout)/TASK(camera_fix),project10,7547,shot,finallayout,camera_fix,354wh,354wh_302,,,,,972f77215eb47eff975d639c430eb4d1,Vancouver,1,0.06250000000000000000,0.06250000000000000000
2021-08-21,2021-08-16,2021-08-01,2021,/JOB(project10)/JOBNUMBER(7547)/SCENE(460ar)/SHOT(460ar_360)/DEPT(finallayout)/TASK(final_layout),project10,7547,shot,finallayout,final_layout,460ar,460ar_360,,,,,972f77215eb47eff975d639c430eb4d1,Vancouver,1,0.09375000000000000000,0.09375000000000000000
2021-08-21,2021-08-16,2021-08-01,2021,/JOB(project10)/JOBNUMBER(7547)/SCENE(162la)/SHOT(162la_033)/DEPT(finallayout)/TASK(camera_fix),project10,7547,shot,finallayout,camera_fix,162la,162la_033,,,,,972f77215eb47eff975d639c430eb4d1,Vancouver,1,0.06250000000000000000,0.06250000000000000000
2021-08-21,2021-08-16,2021-08-01,2021,/JOB(project10)/JOBNUMBER(7547)/SCENE(095dd)/SHOT(095dd_600_in01)/DEPT(finallayout)/TASK(camera_fix),project10,7547,shot,finallayout,camera_fix,095dd,095dd_600_in01,,,,,972f77215eb47eff975d639c430eb4d1,Vancouver,1,0.03125000000000000000,0.03125000000000000000
2021-08-21,2021-08-16,2021-08-01,2021,/JOB(project10)/JOBNUMBER(7547)/SCENE(460ar)/SHOT(460ar_639)/DEPT(finallayout)/TASK(final_layout),project10,7547,shot,finallayout,final_layout,460ar,460ar_639,,,,,972f77215eb47eff975d639c430eb4d1,Vancouver,1,0.03125000000000000000,0.03125000000000000000
2021-08-21,2021-08-16,2021-08-01,2021,/JOB(project10)/JOBNUMBER(7547)/SCENE(095dd)/SHOT(095dd_560)/DEPT(finallayout)/TASK(camera_fix),project10,7547,shot,finallayout,camera_fix,095dd,095dd_560,,,,,972f77215eb47eff975d639c430eb4d1,Vancouver,1,0.06250000000000000000,0.06250000000000000000
2021-08-21,2021-08-16,2021-08-01,2021,/JOB(project10)/JOBNUMBER(7547)/SCENE(095dd)/SHOT(095dd_595_in01)/DEPT(layout)/TASK(shot_assembly),project10,7547,shot,layout,shot_assembly,095dd,095dd_595_in01,,,,,972f77215eb47eff975d639c430eb4d1,Vancouver,1,0.06250000000000000000,0.06250000000000000000
2021-08-21,2021-08-16,2021-08-01,2021,/JOB(project10)/JOBNUMBER(7547)/TASKLEVEL(department)/DEPT(finallayout)/TASK(idle_inv),project10,7547,global-idle,finallayout,idle_inv,,,,,,,972f77215eb47eff975d639c430eb4d1,Vancouver,1,0.50000000000000000000,0.50000000000000000000
2021-08-21,2021-08-16,2021-08-01,2021,/JOB(project10)/JOBNUMBER(7547)/TASKLEVEL(dev)/JIRAPROJECT(light)/JIRAISSUE(light_2884),project10,7547,jira-issue,,,,,,,light,light_2884,98d81f5a7e638d7e8cdd0581c00015b2,Vancouver,1,0.62500000000000000000,0.62500000000000000000
2021-08-21,2021-08-16,2021-08-01,2021,/JOB(project10)/JOBNUMBER(7547)/TASKLEVEL(dev)/JIRAPROJECT(light)/JIRAISSUE(light_1743),project10,7547,jira-issue,,,,,,,light,light_1743,98d81f5a7e638d7e8cdd0581c00015b2,Vancouver,1,0.37500000000000000000,0.37500000000000000000
2021-08-21,2021-08-16,2021-08-01,2021,/JOB(project10)/JOBNUMBER(7547)/TASK(meeting),project10,7547,global-meeting,,meeting,,,,,,,99bfd6fc99772b9aea41da1ee8f11a62,Vancouver,2,0.12500000000000000000,0.12500000000000000000
2021-08-21,2021-08-16,2021-08-01,2021,/JOB(project10)/JOBNUMBER(7547)/TASKLEVEL(dev)/JIRAPROJECT(perftd)/JIRAISSUE(perftd_1639),project10,7547,jira-issue,,,,,,,perftd,perftd_1639,99bfd6fc99772b9aea41da1ee8f11a62,Vancouver,5,0.84375000000000000000,0.84375000000000000000
2021-08-21,2021-08-16,2021-08-01,2021,/JOB(project10)/JOBNUMBER(7547)/SCENE(448bb)/SHOT(448bb_077)/DEPT(anim)/TASK(anim_qc),project10,7547,shot,anim,anim_qc,448bb,448bb_077,,,,,99f5773c683fc91019a2daa23176ddc5,Vancouver,2,1.2500000000000000,1.2500000000000000
2021-08-21,2021-08-16,2021-08-01,2021,/JOB(project10)/JOBNUMBER(7547)/SCENE(448bb)/SHOT(448bb_060)/DEPT(fx)/TASK(fx),project10,7547,shot,fx,fx,448bb,448bb_060,,,,,9b3f3e0ca580651c10bcdd8f363aef18,Vancouver,2,1.00000000000000000000,1.00000000000000000000
2021-08-21,2021-08-16,2021-08-01,2021,/JOB(project10)/JOBNUMBER(7547)/TASK(supervision),project10,7547,global-supervision,,supervision,,,,,,,a01a36c9745ffeee2df34b5949a72d74,Vancouver,3,0.25000000000000000000,0.25000000000000000000
2021-08-21,2021-08-16,2021-08-01,2021,/JOB(project10)/JOBNUMBER(7547)/TASK(supervision),project10,7547,global-supervision,,supervision,,,,,,,a0c6885ed568a254679388eaa7fdfc2e,Vancouver,2,0.75000000000000000000,0.75000000000000000000
2021-08-21,2021-08-16,2021-08-01,2021,/JOB(project10)/JOBNUMBER(7547)/SCENE(446cs)/SHOT(446cs_620)/DEPT(charfinal)/TASK(char_final),project10,7547,shot,charfinal,char_final,446cs,446cs_620,,,,,a20829c9287c29ce145a31cd64953fba,Vancouver,2,0.37500000000000000000,0.37500000000000000000
2021-08-21,2021-08-16,2021-08-01,2021,/JOB(project10)/JOBNUMBER(7547)/SCENE(253ds)/SHOT(253ds_062)/DEPT(charfinal)/TASK(char_final),project10,7547,shot,charfinal,char_final,253ds,253ds_062,,,,,a20829c9287c29ce145a31cd64953fba,Vancouver,2,0.37500000000000000000,0.37500000000000000000
2021-08-21,2021-08-16,2021-08-01,2021,/JOB(project10)/JOBNUMBER(7547)/SCENE(475sp)/SHOT(475sp_150)/DEPT(charfinal)/TASK(char_final),project10,7547,shot,charfinal,char_final,475sp,475sp_150,,,,,a20829c9287c29ce145a31cd64953fba,Vancouver,1,0.25000000000000000000,0.25000000000000000000
2021-08-21,2021-08-16,2021-08-01,2021,/JOB(project10)/JOBNUMBER(7547)/SCENE(448bb)/SHOT(448bb_400)/DEPT(fx)/TASK(fx_final),project10,7547,shot,fx,fx_final,448bb,448bb_400,,,,,a2244ba21de2bf70b537bb082d4d23a7,Vancouver,1,0.18750000000000000000,0.18750000000000000000
2021-08-21,2021-08-16,2021-08-01,2021,/JOB(project10)/JOBNUMBER(7547)/SCENE(448bb)/SHOT(448bb_390)/DEPT(fx)/TASK(fx),project10,7547,shot,fx,fx,448bb,448bb_390,,,,,a2244ba21de2bf70b537bb082d4d23a7,Vancouver,1,0.37500000000000000000,0.37500000000000000000
2021-08-21,2021-08-16,2021-08-01,2021,/JOB(project10)/JOBNUMBER(7547)/SCENE(356np)/SHOT(356np_040)/DEPT(fx)/TASK(fx),project10,7547,shot,fx,fx,356np,356np_040,,,,,a2244ba21de2bf70b537bb082d4d23a7,Vancouver,1,0.31250000000000000000,0.31250000000000000000
2021-08-21,2021-08-16,2021-08-01,2021,/JOB(project10)/JOBNUMBER(7547)/SCENE(448bb)/SHOT(448bb_395)/DEPT(fx)/TASK(fx),project10,7547,shot,fx,fx,448bb,448bb_395,,,,,a2244ba21de2bf70b537bb082d4d23a7,Vancouver,1,0.25000000000000000000,0.25000000000000000000
2021-08-21,2021-08-16,2021-08-01,2021,/JOB(project10)/JOBNUMBER(7547)/SCENE(446cs)/SHOT(446cs_160)/DEPT(charfx)/TASK(charfx),project10,7547,shot,charfx,charfx,446cs,446cs_160,,,,,a2ebe87434134e0d8fb60f11e82df073,Vancouver,1,1.00000000000000000000,1.00000000000000000000
2021-08-21,2021-08-16,2021-08-01,2021,/JOB(project10)/JOBNUMBER(7547)/TASKLEVEL(department)/DEPT(anim)/TASK(td),project10,7547,global-dept,anim,td,,,,,,,a425c3a0933067dbe64dfa64551c8e65,Vancouver,2,1.00000000000000000000,1.00000000000000000000
2021-08-21,2021-08-16,2021-08-01,2021,/JOB(project10)/JOBNUMBER(7547)/SCENE(460ar)/SHOT(460ar_634)/DEPT(charfx)/TASK(charfx),project10,7547,shot,charfx,charfx,460ar,460ar_634,,,,,a62090f0a403910bc8890132c21d90c7,Vancouver,1,0.37500000000000000000,0.37500000000000000000
2021-08-21,2021-08-16,2021-08-01,2021,/JOB(project10)/JOBNUMBER(7547)/SCENE(441lo)/SHOT(441lo_070)/DEPT(charfx)/TASK(charfx),project10,7547,shot,charfx,charfx,441lo,441lo_070,,,,,a62090f0a403910bc8890132c21d90c7,Vancouver,1,0.37500000000000000000,0.37500000000000000000
2021-08-21,2021-08-16,2021-08-01,2021,/JOB(project10)/JOBNUMBER(7547)/SCENE(354wh)/SHOT(354wh_260)/DEPT(charfx)/TASK(charfx),project10,7547,shot,charfx,charfx,354wh,354wh_260,,,,,a62090f0a403910bc8890132c21d90c7,Vancouver,1,0.25000000000000000000,0.25000000000000000000
2021-08-21,2021-08-16,2021-08-01,2021,/JOB(project10)/JOBNUMBER(7547)/SCENE(446cs)/SHOT(446cs_670)/DEPT(anim)/TASK(animation),project10,7547,shot,anim,animation,446cs,446cs_670,,,,,a86c899398a60d79e0de9d8fa1ae9b04,Vancouver,1,0.65625000000000000000,0.65625000000000000000
2021-08-21,2021-08-16,2021-08-01,2021,/JOB(project10)/JOBNUMBER(7547)/SCENE(460ar)/SHOT(460ar_634)/DEPT(anim)/TASK(anim_qc),project10,7547,shot,anim,anim_qc,460ar,460ar_634,,,,,a86c899398a60d79e0de9d8fa1ae9b04,Vancouver,1,0.12500000000000000000,0.12500000000000000000
2021-08-21,2021-08-16,2021-08-01,2021,/JOB(project10)/JOBNUMBER(7547)/TASKLEVEL(department)/DEPT(anim)/TASK(idle_tech),project10,7547,global-idle,anim,idle_tech,,,,,,,a86c899398a60d79e0de9d8fa1ae9b04,Vancouver,1,0.31250000000000000000,0.31250000000000000000
2021-08-21,2021-08-16,2021-08-01,2021,/JOB(project10)/JOBNUMBER(7547)/SCENE(446cs)/SHOT(446cs_290)/DEPT(anim)/TASK(anim_blocking),project10,7547,shot,anim,anim_blocking,446cs,446cs_290,,,,,a8d3b8e75d5476baf1b92099e324fdb1,Vancouver,2,1.00000000000000000000,1.00000000000000000000
2021-08-21,2021-08-16,2021-08-01,2021,/JOB(project10)/JOBNUMBER(7547)/SCENE(425ll)/SHOT(425ll_752)/DEPT(anim)/TASK(animation),project10,7547,shot,anim,animation,425ll,425ll_752,,,,,a91ddcac28a4f08dc7e6b670254672dd,Vancouver,2,1.00000000000000000000,1.00000000000000000000
2021-08-21,2021-08-16,2021-08-01,2021,/JOB(project10)/JOBNUMBER(7547)/SCENE(460ar)/SHOT(460ar_362)/DEPT(anim)/TASK(animation),project10,7547,shot,anim,animation,460ar,460ar_362,,,,,a9c5cb52bad0d13ae0669b305137725b,Vancouver,2,0.56250000000000000000,0.56250000000000000000
2021-08-21,2021-08-16,2021-08-01,2021,/JOB(project10)/JOBNUMBER(7547)/SCENE(460ar)/SHOT(460ar_360)/DEPT(anim)/TASK(animation),project10,7547,shot,anim,animation,460ar,460ar_360,,,,,a9c5cb52bad0d13ae0669b305137725b,Vancouver,2,0.68750000000000000000,0.68750000000000000000
2021-08-21,2021-08-16,2021-08-01,2021,/JOB(project10)/JOBNUMBER(7547)/SCENE(060jm)/SHOT(060jm_620)/DEPT(charfx)/TASK(charfx),project10,7547,shot,charfx,charfx,060jm,060jm_620,,,,,adc7fde9cd7abec165b22ded6962b03a,Vancouver,2,1.00000000000000000000,1.00000000000000000000
2021-08-21,2021-08-16,2021-08-01,2021,/JOB(project10)/JOBNUMBER(7547)/SCENE(354wh)/SHOT(354wh_100)/DEPT(comp)/TASK(comp),project10,7547,shot,comp,comp,354wh,354wh_100,,,,,ae42cd30d30b6cb67b7c64cdd5df7abb,Vancouver,1,0.12500000000000000000,0.12500000000000000000
2021-08-21,2021-08-16,2021-08-01,2021,/JOB(project10)/JOBNUMBER(7547)/SCENE(060jm)/SHOT(060jm_376)/DEPT(comp)/TASK(comp),project10,7547,shot,comp,comp,060jm,060jm_376,,,,,ae42cd30d30b6cb67b7c64cdd5df7abb,Vancouver,2,0.87500000000000000000,0.87500000000000000000
2021-08-21,2021-08-16,2021-08-01,2021,/JOB(project10)/JOBNUMBER(7547)/SCENE(446cs)/SHOT(446cs_430)/DEPT(light)/TASK(shot_lighting),project10,7547,shot,light,shot_lighting,446cs,446cs_430,,,,,b00e05b396dacbecc8d519d9ad8f3df2,Vancouver,2,0.53125000000000000000,0.53125000000000000000
2021-08-21,2021-08-16,2021-08-01,2021,/JOB(project10)/JOBNUMBER(7547)/SCENE(448bb)/SHOT(448bb_073)/DEPT(light)/TASK(shot_lighting),project10,7547,shot,light,shot_lighting,448bb,448bb_073,,,,,b00e05b396dacbecc8d519d9ad8f3df2,Vancouver,1,0.03125000000000000000,0.03125000000000000000
2021-08-21,2021-08-16,2021-08-01,2021,/JOB(project10)/JOBNUMBER(7547)/SCENE(448bb)/SHOT(448bb_060)/DEPT(light)/TASK(shot_lighting),project10,7547,shot,light,shot_lighting,448bb,448bb_060,,,,,b00e05b396dacbecc8d519d9ad8f3df2,Vancouver,2,0.53125000000000000000,0.53125000000000000000
2021-08-21,2021-08-16,2021-08-01,2021,/JOB(project10)/JOBNUMBER(7547)/TASKLEVEL(department)/DEPT(light)/TASK(training),project10,7547,global-dept,light,training,,,,,,,b00e05b396dacbecc8d519d9ad8f3df2,Vancouver,1,0.03125000000000000000,0.03125000000000000000
2021-08-21,2021-08-16,2021-08-01,2021,/JOB(project10)/JOBNUMBER(7547)/TASKLEVEL(department)/DEPT(light)/TASK(training),project10,7547,global-dept,light,training,,,,,,,b01c8a1b20c51999e173ab3f0430ddf2,Vancouver,2,1.00000000000000000000,1.00000000000000000000
2021-08-21,2021-08-16,2021-08-01,2021,/JOB(project10)/JOBNUMBER(7547)/TASK(supervision),project10,7547,global-supervision,,supervision,,,,,,,b0b8fb43f023561959333220b41bd7e8,Vancouver,2,1.00000000000000000000,1.00000000000000000000
2021-08-21,2021-08-16,2021-08-01,2021,/JOB(project10)/JOBNUMBER(7547)/SCENE(449pp)/SHOT(449pp_360)/DEPT(fx)/TASK(fx_final),project10,7547,shot,fx,fx_final,449pp,449pp_360,,,,,b267615aaf6d6ee5a260b8b21fa96c37,Vancouver,1,1.00000000000000000000,1.00000000000000000000
2021-08-21,2021-08-16,2021-08-01,2021,/JOB(project10)/JOBNUMBER(7547)/SCENE(465xu)/SHOT(465xu_020)/DEPT(light)/TASK(final_lighting),project10,7547,shot,light,final_lighting,465xu,465xu_020,,,,,b477ceca2f4aa0ea1e1113f52f05c26f,Vancouver,1,0.12500000000000000000,0.12500000000000000000
2021-08-21,2021-08-16,2021-08-01,2021,/JOB(project10)/JOBNUMBER(7547)/SCENE(449pp)/SHOT(449pp_330)/DEPT(light)/TASK(shot_lighting),project10,7547,shot,light,shot_lighting,449pp,449pp_330,,,,,b477ceca2f4aa0ea1e1113f52f05c26f,Vancouver,1,0.25000000000000000000,0.25000000000000000000
2021-08-21,2021-08-16,2021-08-01,2021,/JOB(project10)/JOBNUMBER(7547)/SCENE(446cs)/SHOT(446cs_510)/DEPT(light)/TASK(shot_lighting),project10,7547,shot,light,shot_lighting,446cs,446cs_510,,,,,b477ceca2f4aa0ea1e1113f52f05c26f,Vancouver,2,0.25000000000000000000,0.25000000000000000000
2021-08-21,2021-08-16,2021-08-01,2021,/JOB(project10)/JOBNUMBER(7547)/SCENE(446cs)/SHOT(446cs_505)/DEPT(light)/TASK(shot_lighting),project10,7547,shot,light,shot_lighting,446cs,446cs_505,,,,,b477ceca2f4aa0ea1e1113f52f05c26f,Vancouver,1,0.40625000000000000000,0.40625000000000000000
2021-08-21,2021-08-16,2021-08-01,2021,/JOB(project10)/JOBNUMBER(7547)/SCENE(446cs)/SHOT(446cs_500)/DEPT(light)/TASK(shot_lighting),project10,7547,shot,light,shot_lighting,446cs,446cs_500,,,,,b477ceca2f4aa0ea1e1113f52f05c26f,Vancouver,1,0.12500000000000000000,0.12500000000000000000
2021-08-21,2021-08-16,2021-08-01,2021,/JOB(project10)/JOBNUMBER(7547)/SCENE(085sa)/SHOT(085sa_370)/DEPT(light)/TASK(light_qc),project10,7547,shot,light,light_qc,085sa,085sa_370,,,,,b528dde6aa07ed813ce8c453b0af6703,Sydney,1,0.09375000000000000000,0.09375000000000000000
2021-08-21,2021-08-16,2021-08-01,2021,/JOB(project10)/JOBNUMBER(7547)/SCENE(085sa)/SHOT(085sa_400)/DEPT(light)/TASK(light_qc),project10,7547,shot,light,light_qc,085sa,085sa_400,,,,,b528dde6aa07ed813ce8c453b0af6703,Sydney,1,0.09375000000000000000,0.09375000000000000000
2021-08-21,2021-08-16,2021-08-01,2021,/JOB(project10)/JOBNUMBER(7547)/SCENE(425ll)/SHOT(425ll_600)/DEPT(light)/TASK(light_redo),project10,7547,shot,light,light_redo,425ll,425ll_600,,,,,b528dde6aa07ed813ce8c453b0af6703,Sydney,1,0.12500000000000000000,0.12500000000000000000
2021-08-21,2021-08-16,2021-08-01,2021,/JOB(project10)/JOBNUMBER(7547)/SCENE(373sf)/SHOT(373sf_073)/DEPT(light)/TASK(shot_lighting),project10,7547,shot,light,shot_lighting,373sf,373sf_073,,,,,b528dde6aa07ed813ce8c453b0af6703,Sydney,1,0.12500000000000000000,0.12500000000000000000
2021-08-21,2021-08-16,2021-08-01,2021,/JOB(project10)/JOBNUMBER(7547)/SCENE(425ll)/SHOT(425ll_640)/DEPT(light)/TASK(light_redo),project10,7547,shot,light,light_redo,425ll,425ll_640,,,,,b528dde6aa07ed813ce8c453b0af6703,Sydney,2,0.15625000000000000000,0.15625000000000000000
2021-08-21,2021-08-16,2021-08-01,2021,/JOB(project10)/JOBNUMBER(7547)/SCENE(425ll)/SHOT(425ll_620)/DEPT(light)/TASK(light_redo),project10,7547,shot,light,light_redo,425ll,425ll_620,,,,,b528dde6aa07ed813ce8c453b0af6703,Sydney,1,0.09375000000000000000,0.09375000000000000000
2021-08-21,2021-08-16,2021-08-01,2021,/JOB(project10)/JOBNUMBER(7547)/SCENE(240tv)/SHOT(240tv_270)/DEPT(light)/TASK(final_lighting),project10,7547,shot,light,final_lighting,240tv,240tv_270,,,,,b528dde6aa07ed813ce8c453b0af6703,Sydney,1,0.18750000000000000000,0.18750000000000000000
2021-08-21,2021-08-16,2021-08-01,2021,/JOB(project10)/JOBNUMBER(7547)/SCENE(085sa)/SHOT(085sa_410)/DEPT(light)/TASK(light_qc),project10,7547,shot,light,light_qc,085sa,085sa_410,,,,,b528dde6aa07ed813ce8c453b0af6703,Sydney,1,0.06250000000000000000,0.06250000000000000000
2021-08-21,2021-08-16,2021-08-01,2021,/JOB(project10)/JOBNUMBER(7547)/SCENE(085sa)/SHOT(085sa_360)/DEPT(light)/TASK(light_qc),project10,7547,shot,light,light_qc,085sa,085sa_360,,,,,b528dde6aa07ed813ce8c453b0af6703,Sydney,1,0.12500000000000000000,0.12500000000000000000
2021-08-21,2021-08-16,2021-08-01,2021,/JOB(project10)/JOBNUMBER(7547)/SCENE(425ll)/SHOT(425ll_630)/DEPT(light)/TASK(light_redo),project10,7547,shot,light,light_redo,425ll,425ll_630,,,,,b528dde6aa07ed813ce8c453b0af6703,Sydney,1,0E-20,0E-20
2021-08-21,2021-08-16,2021-08-01,2021,/JOB(project10)/JOBNUMBER(7547)/SCENE(085sa)/SHOT(085sa_380)/DEPT(light)/TASK(light_qc),project10,7547,shot,light,light_qc,085sa,085sa_380,,,,,b528dde6aa07ed813ce8c453b0af6703,Sydney,1,0.09375000000000000000,0.09375000000000000000
2021-08-21,2021-08-16,2021-08-01,2021,/JOB(project10)/JOBNUMBER(7547)/SCENE(085sa)/SHOT(085sa_390)/DEPT(light)/TASK(light_qc),project10,7547,shot,light,light_qc,085sa,085sa_390,,,,,b528dde6aa07ed813ce8c453b0af6703,Sydney,1,0.09375000000000000000,0.09375000000000000000
2021-08-21,2021-08-16,2021-08-01,2021,/JOB(project10)/JOBNUMBER(7547)/SCENE(085sa)/SHOT(085sa_420)/DEPT(light)/TASK(light_qc),project10,7547,shot,light,light_qc,085sa,085sa_420,,,,,b528dde6aa07ed813ce8c453b0af6703,Sydney,2,0.31250000000000000000,0.31250000000000000000
2021-08-21,2021-08-16,2021-08-01,2021,/JOB(project10)/JOBNUMBER(7547)/TASK(edit),project10,7547,global-dept,,edit,,,,,,,b5d5ebc6ba9777608ff495750e384e03,Vancouver,3,1.1562500000000000,1.1562500000000000
2021-08-21,2021-08-16,2021-08-01,2021,/JOB(project10)/JOBNUMBER(7547)/TASK(prod),project10,7547,global-prod,,prod,,,,,,,b5dcafe0d9ba7dd9050a95d4cfe3247f,Vancouver,2,1.0937500000000000,1.0937500000000000
2021-08-21,2021-08-16,2021-08-01,2021,/JOB(project10)/JOBNUMBER(7547)/SCENE(040dr)/SHOT(040dr_175)/DEPT(mattepainting)/TASK(mattepainting_techfix),project10,7547,shot,mattepainting,mattepainting_techfix,040dr,040dr_175,,,,,bc8dcb25ca942dc73d470fe28067153f,Vancouver,1,0.37500000000000000000,0.37500000000000000000
2021-08-21,2021-08-16,2021-08-01,2021,/JOB(project10)/JOBNUMBER(7547)/SCENE(040dr)/SHOT(040dr_170)/DEPT(mattepainting)/TASK(mattepainting),project10,7547,shot,mattepainting,mattepainting,040dr,040dr_170,,,,,bc8dcb25ca942dc73d470fe28067153f,Vancouver,1,0.62500000000000000000,0.62500000000000000000
2021-08-21,2021-08-16,2021-08-01,2021,/JOB(project10)/JOBNUMBER(7547)/TASK(prod),project10,7547,global-prod,,prod,,,,,,,bf8b64c94f4763cefd4c176c4a740aba,Vancouver,2,1.0625000000000000,1.0625000000000000
2021-08-21,2021-08-16,2021-08-01,2021,/JOB(project10)/JOBNUMBER(7547)/SCENE(162la)/SHOT(162la_025)/DEPT(anim)/TASK(anim_blocking),project10,7547,shot,anim,anim_blocking,162la,162la_025,,,,,bf928f68846f691b756be33bf996e4fe,Vancouver,2,1.00000000000000000000,1.00000000000000000000
2021-08-21,2021-08-16,2021-08-01,2021,/JOB(project10)/JOBNUMBER(7547)/SCENE(446cs)/SHOT(446cs_090)/DEPT(anim)/TASK(anim_blocking),project10,7547,shot,anim,anim_blocking,446cs,446cs_090,,,,,c0a75b1ffda4d8192fec1f8a267e6e8c,Vancouver,1,0.59375000000000000000,0.59375000000000000000
2021-08-21,2021-08-16,2021-08-01,2021,/JOB(project10)/JOBNUMBER(7547)/SCENE(460ar)/SHOT(460ar_065)/DEPT(anim)/TASK(anim_techfix),project10,7547,shot,anim,anim_techfix,460ar,460ar_065,,,,,c0a75b1ffda4d8192fec1f8a267e6e8c,Vancouver,1,0.06250000000000000000,0.06250000000000000000
2021-08-21,2021-08-16,2021-08-01,2021,/JOB(project10)/JOBNUMBER(7547)/SCENE(446cs)/SHOT(446cs_010)/DEPT(anim)/TASK(anim_blocking),project10,7547,shot,anim,anim_blocking,446cs,446cs_010,,,,,c0a75b1ffda4d8192fec1f8a267e6e8c,Vancouver,1,0.59375000000000000000,0.59375000000000000000
2021-08-21,2021-08-16,2021-08-01,2021,/JOB(project10)/JOBNUMBER(7547)/SCENE(449pp)/SHOT(449pp_115)/DEPT(light)/TASK(shot_lighting),project10,7547,shot,light,shot_lighting,449pp,449pp_115,,,,,c34b2ecc24e0f948a5e99a3c94403e29,Vancouver,1,0.37500000000000000000,0.37500000000000000000
2021-08-21,2021-08-16,2021-08-01,2021,/JOB(project10)/JOBNUMBER(7547)/SCENE(448bb)/SHOT(448bb_015)/DEPT(light)/TASK(final_lighting),project10,7547,shot,light,final_lighting,448bb,448bb_015,,,,,c34b2ecc24e0f948a5e99a3c94403e29,Vancouver,1,0.37500000000000000000,0.37500000000000000000
2021-08-21,2021-08-16,2021-08-01,2021,/JOB(project10)/JOBNUMBER(7547)/SCENE(449pp)/SHOT(449pp_075)/DEPT(light)/TASK(shot_lighting),project10,7547,shot,light,shot_lighting,449pp,449pp_075,,,,,c34b2ecc24e0f948a5e99a3c94403e29,Vancouver,1,0.25000000000000000000,0.25000000000000000000
2021-08-21,2021-08-16,2021-08-01,2021,/JOB(project10)/JOBNUMBER(7547)/SCENE(356np)/SHOT(356np_250)/DEPT(light)/TASK(light_qc),project10,7547,shot,light,light_qc,356np,356np_250,,,,,c3b01e4186164f46ef98f733335e4555,Vancouver,2,0.31250000000000000000,0.31250000000000000000
2021-08-21,2021-08-16,2021-08-01,2021,/JOB(project10)/JOBNUMBER(7547)/SCENE(040dr)/SHOT(040dr_350)/DEPT(light)/TASK(shot_lighting),project10,7547,shot,light,shot_lighting,040dr,040dr_350,,,,,c3b01e4186164f46ef98f733335e4555,Vancouver,1,0.46875000000000000000,0.46875000000000000000
2021-08-21,2021-08-16,2021-08-01,2021,/JOB(project10)/JOBNUMBER(7547)/SCENE(446cs)/SHOT(446cs_350)/DEPT(light)/TASK(final_lighting),project10,7547,shot,light,final_lighting,446cs,446cs_350,,,,,c3b01e4186164f46ef98f733335e4555,Vancouver,1,0.25000000000000000000,0.25000000000000000000
2021-08-21,2021-08-16,2021-08-01,2021,/JOB(project10)/JOBNUMBER(7547)/TASK(prod),project10,7547,global-prod,,prod,,,,,,,c40dc2f257afb8fe52d0a5a9d0d9bf11,Vancouver,2,1.3437500000000000,1.3437500000000000
2021-08-21,2021-08-16,2021-08-01,2021,/JOB(project10)/JOBNUMBER(7547)/SCENE(448bb)/SHOT(448bb_410)/DEPT(charfx)/TASK(charfx),project10,7547,shot,charfx,charfx,448bb,448bb_410,,,,,c5e3539121c4944f2bbe097b425ee774,Vancouver,1,0.81250000000000000000,0.81250000000000000000
2021-08-21,2021-08-16,2021-08-01,2021,/JOB(project10)/JOBNUMBER(7547)/SCENE(446cs)/SHOT(446cs_300)/DEPT(charfx)/TASK(charfx),project10,7547,shot,charfx,charfx,446cs,446cs_300,,,,,c5e3539121c4944f2bbe097b425ee774,Vancouver,1,0.18750000000000000000,0.18750000000000000000
2021-08-21,2021-08-16,2021-08-01,2021,/JOB(project10)/JOBNUMBER(7547)/TASK(prod),project10,7547,global-prod,,prod,,,,,,,c74255f79e1be237e42286f17a52c7ae,Vancouver,2,1.0625000000000000,1.0625000000000000
2021-08-21,2021-08-16,2021-08-01,2021,/JOB(project10)/JOBNUMBER(7547)/TASK(di),project10,7547,global-dept,,di,,,,,,,c7cac9e16608be9a8765db884165dd59,Vancouver,1,0.62500000000000000000,0.62500000000000000000
2021-08-21,2021-08-16,2021-08-01,2021,/JOB(project10)/JOBNUMBER(7547)/TASK(edit),project10,7547,global-dept,,edit,,,,,,,c7cac9e16608be9a8765db884165dd59,Vancouver,1,0.37500000000000000000,0.37500000000000000000
2021-08-21,2021-08-16,2021-08-01,2021,/JOB(project10)/JOBNUMBER(7547)/TASK(supervision),project10,7547,global-supervision,,supervision,,,,,,,cac2bfb084bfb020b171e9cfc077ce2c,Vancouver,2,1.00000000000000000000,1.00000000000000000000
2021-08-21,2021-08-16,2021-08-01,2021,/JOB(project10)/JOBNUMBER(7547)/TASK(supervision),project10,7547,global-supervision,,supervision,,,,,,,cd4a5779d3587962c31732e57122fe75,Vancouver,2,0.25000000000000000000,0.25000000000000000000
2021-08-21,2021-08-16,2021-08-01,2021,/JOB(project10)/JOBNUMBER(7547)/SCENE(446cs)/SHOT(446cs_290)/DEPT(light)/TASK(shot_lighting),project10,7547,shot,light,shot_lighting,446cs,446cs_290,,,,,cf9ce239ef6aab2bfa3b4623f44b496b,Vancouver,3,0.37500000000000000000,0.37500000000000000000
2021-08-21,2021-08-16,2021-08-01,2021,/JOB(project10)/JOBNUMBER(7547)/SCENE(449pp)/SHOT(449pp_420)/DEPT(light)/TASK(light_qc),project10,7547,shot,light,light_qc,449pp,449pp_420,,,,,cf9ce239ef6aab2bfa3b4623f44b496b,Vancouver,2,0.21875000000000000000,0.21875000000000000000
2021-08-21,2021-08-16,2021-08-01,2021,/JOB(project10)/JOBNUMBER(7547)/SCENE(448bb)/SHOT(448bb_260)/DEPT(light)/TASK(shot_lighting),project10,7547,shot,light,shot_lighting,448bb,448bb_260,,,,,cf9ce239ef6aab2bfa3b4623f44b496b,Vancouver,2,0.31250000000000000000,0.31250000000000000000
2021-08-21,2021-08-16,2021-08-01,2021,/JOB(project10)/JOBNUMBER(7547)/SCENE(449pp)/SHOT(449pp_225)/DEPT(light)/TASK(shot_lighting),project10,7547,shot,light,shot_lighting,449pp,449pp_225,,,,,cf9ce239ef6aab2bfa3b4623f44b496b,Vancouver,1,0.06250000000000000000,0.06250000000000000000
2021-08-21,2021-08-16,2021-08-01,2021,/JOB(project10)/JOBNUMBER(7547)/SCENE(448bb)/SHOT(448bb_370)/DEPT(light)/TASK(shot_lighting),project10,7547,shot,light,shot_lighting,448bb,448bb_370,,,,,cf9ce239ef6aab2bfa3b4623f44b496b,Vancouver,1,0.06250000000000000000,0.06250000000000000000
2021-08-21,2021-08-16,2021-08-01,2021,/JOB(project10)/JOBNUMBER(7547)/SCENE(449pp)/SHOT(449pp_310)/DEPT(light)/TASK(shot_lighting),project10,7547,shot,light,shot_lighting,449pp,449pp_310,,,,,cf9ce239ef6aab2bfa3b4623f44b496b,Vancouver,2,0.15625000000000000000,0.15625000000000000000
2021-08-21,2021-08-16,2021-08-01,2021,/JOB(project10)/JOBNUMBER(7547)/SCENE(475sp)/SHOT(475sp_040)/DEPT(light)/TASK(final_lighting),project10,7547,shot,light,final_lighting,475sp,475sp_040,,,,,d08a187ba0655de4a7ab69aa2a8e1e4c,Vancouver,1,0.12500000000000000000,0.12500000000000000000
2021-08-21,2021-08-16,2021-08-01,2021,/JOB(project10)/JOBNUMBER(7547)/SCENE(054am)/SHOT(054am_640)/DEPT(light)/TASK(light_qc),project10,7547,shot,light,light_qc,054am,054am_640,,,,,d08a187ba0655de4a7ab69aa2a8e1e4c,Vancouver,1,0.15625000000000000000,0.15625000000000000000
2021-08-21,2021-08-16,2021-08-01,2021,/JOB(project10)/JOBNUMBER(7547)/SCENE(446cs)/SHOT(446cs_120)/DEPT(light)/TASK(shot_lighting),project10,7547,shot,light,shot_lighting,446cs,446cs_120,,,,,d08a187ba0655de4a7ab69aa2a8e1e4c,Vancouver,1,0.15625000000000000000,0.15625000000000000000
2021-08-21,2021-08-16,2021-08-01,2021,/JOB(project10)/JOBNUMBER(7547)/SCENE(445bt)/SHOT(445bt_168)/DEPT(light)/TASK(final_lighting),project10,7547,shot,light,final_lighting,445bt,445bt_168,,,,,d08a187ba0655de4a7ab69aa2a8e1e4c,Vancouver,2,0.21875000000000000000,0.21875000000000000000
2021-08-21,2021-08-16,2021-08-01,2021,/JOB(project10)/JOBNUMBER(7547)/SCENE(446cs)/SHOT(446cs_120)/DEPT(light)/TASK(final_lighting),project10,7547,shot,light,final_lighting,446cs,446cs_120,,,,,d08a187ba0655de4a7ab69aa2a8e1e4c,Vancouver,1,0.03125000000000000000,0.03125000000000000000
2021-08-21,2021-08-16,2021-08-01,2021,/JOB(project10)/JOBNUMBER(7547)/SCENE(460ar)/SHOT(460ar_025)/DEPT(light)/TASK(shot_lighting),project10,7547,shot,light,shot_lighting,460ar,460ar_025,,,,,d08a187ba0655de4a7ab69aa2a8e1e4c,Vancouver,1,0.03125000000000000000,0.03125000000000000000
2021-08-21,2021-08-16,2021-08-01,2021,/JOB(project10)/JOBNUMBER(7547)/SCENE(445bt)/SHOT(445bt_050)/DEPT(light)/TASK(final_lighting),project10,7547,shot,light,final_lighting,445bt,445bt_050,,,,,d08a187ba0655de4a7ab69aa2a8e1e4c,Vancouver,1,0.18750000000000000000,0.18750000000000000000
2021-08-21,2021-08-16,2021-08-01,2021,/JOB(project10)/JOBNUMBER(7547)/SCENE(445bt)/SHOT(445bt_050)/DEPT(light)/TASK(light_qc),project10,7547,shot,light,light_qc,445bt,445bt_050,,,,,d08a187ba0655de4a7ab69aa2a8e1e4c,Vancouver,1,0.21875000000000000000,0.21875000000000000000
2021-08-21,2021-08-16,2021-08-01,2021,/JOB(project10)/JOBNUMBER(7547)/SCENE(446cs)/SHOT(446cs_490)/DEPT(anim)/TASK(anim_blocking),project10,7547,shot,anim,anim_blocking,446cs,446cs_490,,,,,d1071f1d5f4929ae11c0bfa58a2fb3e1,Vancouver,2,0.87500000000000000000,0.87500000000000000000
2021-08-21,2021-08-16,2021-08-01,2021,/JOB(project10)/JOBNUMBER(7547)/SCENE(446cs)/SHOT(446cs_460)/DEPT(anim)/TASK(anim_qc),project10,7547,shot,anim,anim_qc,446cs,446cs_460,,,,,d1071f1d5f4929ae11c0bfa58a2fb3e1,Vancouver,1,0.25000000000000000000,0.25000000000000000000
2021-08-21,2021-08-16,2021-08-01,2021,/JOB(project10)/JOBNUMBER(7547)/SCENE(448bb)/SHOT(448bb_011)/DEPT(anim)/TASK(anim_qc),project10,7547,shot,anim,anim_qc,448bb,448bb_011,,,,,d167ccbab9ea5e379dd3adb733f0f0fb,Vancouver,1,0.37500000000000000000,0.37500000000000000000
2021-08-21,2021-08-16,2021-08-01,2021,/JOB(project10)/JOBNUMBER(7547)/TASKLEVEL(department)/DEPT(anim)/TASK(idle_inv),project10,7547,global-idle,anim,idle_inv,,,,,,,d167ccbab9ea5e379dd3adb733f0f0fb,Vancouver,1,0.62500000000000000000,0.62500000000000000000
2021-08-21,2021-08-16,2021-08-01,2021,/JOB(project10)/JOBNUMBER(7547)/SCENE(095dd)/SHOT(095dd_520)/DEPT(charfinal)/TASK(char_final),project10,7547,shot,charfinal,char_final,095dd,095dd_520,,,,,d387962be4219976e21d58002edd629b,Vancouver,1,0.50000000000000000000,0.50000000000000000000
2021-08-21,2021-08-16,2021-08-01,2021,/JOB(project10)/JOBNUMBER(7547)/SCENE(446cs)/SHOT(446cs_600)/DEPT(charfinal)/TASK(char_final),project10,7547,shot,charfinal,char_final,446cs,446cs_600,,,,,d387962be4219976e21d58002edd629b,Vancouver,1,0.50000000000000000000,0.50000000000000000000
2021-08-21,2021-08-16,2021-08-01,2021,/JOB(project10)/JOBNUMBER(7547)/TASK(di),project10,7547,global-dept,,di,,,,,,,d6bcd7076ea0d0b52d38597d9546eeab,Vancouver,1,1.1250000000000000,1.1250000000000000
2021-08-21,2021-08-16,2021-08-01,2021,/JOB(project10)/JOBNUMBER(7547)/TASK(training),project10,7547,global-training,,training,,,,,,,d6bcd7076ea0d0b52d38597d9546eeab,Vancouver,1,0.37500000000000000000,0.37500000000000000000
2021-08-21,2021-08-16,2021-08-01,2021,/JOB(project10)/JOBNUMBER(7547)/SCENE(170td)/SHOT(170td_103)/DEPT(anim)/TASK(animation),project10,7547,shot,anim,animation,170td,170td_103,,,,,d7fa2940c6b593ff2a0ff41077328896,Vancouver,1,0.25000000000000000000,0.25000000000000000000
2021-08-21,2021-08-16,2021-08-01,2021,/JOB(project10)/JOBNUMBER(7547)/SCENE(448bb)/SHOT(448bb_260)/DEPT(anim)/TASK(animation),project10,7547,shot,anim,animation,448bb,448bb_260,,,,,d7fa2940c6b593ff2a0ff41077328896,Vancouver,2,0.75000000000000000000,0.75000000000000000000
2021-08-21,2021-08-16,2021-08-01,2021,/JOB(project10)/JOBNUMBER(7547)/SCENE(446cs)/SHOT(446cs_190)/DEPT(mattepainting)/TASK(mattepainting),project10,7547,shot,mattepainting,mattepainting,446cs,446cs_190,,,,,d8a96f06985c77c62ff79037be34ac97,Vancouver,2,1.00000000000000000000,1.00000000000000000000
2021-08-21,2021-08-16,2021-08-01,2021,/JOB(project10)/JOBNUMBER(7547)/TASK(supervision),project10,7547,global-supervision,,supervision,,,,,,,d9546018c9cb4b8d0191ef95134619ee,Vancouver,5,0.81250000000000000000,0.81250000000000000000
2021-08-21,2021-08-16,2021-08-01,2021,/JOB(project10)/JOBNUMBER(7547)/TASK(supervision),project10,7547,global-supervision,,supervision,,,,,,,de537ae561b668ad669532f0dd0d5157,Vancouver,2,1.1250000000000000,1.1250000000000000
2021-08-21,2021-08-16,2021-08-01,2021,/JOB(project10)/JOBNUMBER(7547)/SCENE(448bb)/SHOT(448bb_230)/DEPT(anim)/TASK(animation),project10,7547,shot,anim,animation,448bb,448bb_230,,,,,df116b29919d2af451f51cf253a9f4db,Vancouver,2,1.1250000000000000,1.1250000000000000
2021-08-21,2021-08-16,2021-08-01,2021,/JOB(project10)/JOBNUMBER(7547)/SCENE(425ll)/SHOT(425ll_140)/DEPT(mattepainting)/TASK(mattepainting_techfix),project10,7547,shot,mattepainting,mattepainting_techfix,425ll,425ll_140,,,,,df2e2edde27d4b78e20eaf06361fbccd,Vancouver,1,0.15625000000000000000,0.15625000000000000000
2021-08-21,2021-08-16,2021-08-01,2021,/JOB(project10)/JOBNUMBER(7547)/SCENE(425ll)/SHOT(425ll_260)/DEPT(mattepainting)/TASK(mattepainting_techfix),project10,7547,shot,mattepainting,mattepainting_techfix,425ll,425ll_260,,,,,df2e2edde27d4b78e20eaf06361fbccd,Vancouver,1,0.12500000000000000000,0.12500000000000000000
2021-08-21,2021-08-16,2021-08-01,2021,/JOB(project10)/JOBNUMBER(7547)/SCENE(425ll)/SHOT(425ll_220)/DEPT(mattepainting)/TASK(mattepainting_techfix),project10,7547,shot,mattepainting,mattepainting_techfix,425ll,425ll_220,,,,,df2e2edde27d4b78e20eaf06361fbccd,Vancouver,1,0.21875000000000000000,0.21875000000000000000
2021-08-21,2021-08-16,2021-08-01,2021,/JOB(project10)/JOBNUMBER(7547)/SCENE(425ll)/SHOT(425ll_570)/DEPT(mattepainting)/TASK(mattepainting_techfix),project10,7547,shot,mattepainting,mattepainting_techfix,425ll,425ll_570,,,,,df2e2edde27d4b78e20eaf06361fbccd,Vancouver,1,0.28125000000000000000,0.28125000000000000000
2021-08-21,2021-08-16,2021-08-01,2021,/JOB(project10)/JOBNUMBER(7547)/SCENE(425ll)/SHOT(425ll_610)/DEPT(mattepainting)/TASK(mattepainting_techfix),project10,7547,shot,mattepainting,mattepainting_techfix,425ll,425ll_610,,,,,df2e2edde27d4b78e20eaf06361fbccd,Vancouver,1,0.21875000000000000000,0.21875000000000000000
2021-08-21,2021-08-16,2021-08-01,2021,/JOB(project10)/JOBNUMBER(7547)/TASK(prod),project10,7547,global-prod,,prod,,,,,,,e032435da92e785f8f163df5946c06a0,Vancouver,2,1.3125000000000000,1.3125000000000000
2021-08-21,2021-08-16,2021-08-01,2021,/JOB(project10)/JOBNUMBER(7547)/TASK(prod),project10,7547,global-prod,,prod,,,,,,,e0da3a043b21f7193584b65447c6f486,Sydney,1,0.25000000000000000000,0.25000000000000000000
2021-08-21,2021-08-16,2021-08-01,2021,/JOB(project10)/JOBNUMBER(7547)/SCENE(425ll)/SHOT(425ll_753)/DEPT(anim)/TASK(anim_blocking),project10,7547,shot,anim,anim_blocking,425ll,425ll_753,,,,,e44ae6c2be444eca2f275bcbb84c6977,Sydney,1,0.09375000000000000000,0.09375000000000000000
2021-08-21,2021-08-16,2021-08-01,2021,/JOB(project10)/JOBNUMBER(7547)/SCENE(446cs)/SHOT(446cs_130)/DEPT(light)/TASK(final_lighting),project10,7547,shot,light,final_lighting,446cs,446cs_130,,,,,e4b6bbbdef50cc3406de0029beae43f6,Vancouver,1,0.25000000000000000000,0.25000000000000000000
2021-08-21,2021-08-16,2021-08-01,2021,/JOB(project10)/JOBNUMBER(7547)/SCENE(446cs)/SHOT(446cs_110)/DEPT(light)/TASK(shot_lighting),project10,7547,shot,light,shot_lighting,446cs,446cs_110,,,,,e4b6bbbdef50cc3406de0029beae43f6,Vancouver,1,0.37500000000000000000,0.37500000000000000000
2021-08-21,2021-08-16,2021-08-01,2021,/JOB(project10)/JOBNUMBER(7547)/SCENE(460ar)/SHOT(460ar_180)/DEPT(light)/TASK(shot_lighting),project10,7547,shot,light,shot_lighting,460ar,460ar_180,,,,,e4b6bbbdef50cc3406de0029beae43f6,Vancouver,2,0.50000000000000000000,0.50000000000000000000
2021-08-21,2021-08-16,2021-08-01,2021,/JOB(project10)/JOBNUMBER(7547)/TASK(supervision),project10,7547,global-supervision,,supervision,,,,,,,e755fb01ffbec8c6894589058bb267e3,Vancouver,2,1.0937500000000000,1.0937500000000000
2021-08-21,2021-08-16,2021-08-01,2021,/JOB(project10)/JOBNUMBER(7547)/SCENE(356np)/SHOT(356np_025)/DEPT(light)/TASK(shot_lighting),project10,7547,shot,light,shot_lighting,356np,356np_025,,,,,e9390799903fc22266b560fd9ff4dcaa,Vancouver,1,0.25000000000000000000,0.25000000000000000000
2021-08-21,2021-08-16,2021-08-01,2021,/JOB(project10)/JOBNUMBER(7547)/SCENE(054am)/SHOT(054am_840)/DEPT(light)/TASK(light_qc),project10,7547,shot,light,light_qc,054am,054am_840,,,,,e9390799903fc22266b560fd9ff4dcaa,Vancouver,1,0.25000000000000000000,0.25000000000000000000
2021-08-21,2021-08-16,2021-08-01,2021,/JOB(project10)/JOBNUMBER(7547)/SCENE(460ar)/SHOT(460ar_610)/DEPT(light)/TASK(shot_lighting),project10,7547,shot,light,shot_lighting,460ar,460ar_610,,,,,e9390799903fc22266b560fd9ff4dcaa,Vancouver,1,0.25000000000000000000,0.25000000000000000000
2021-08-21,2021-08-16,2021-08-01,2021,/JOB(project10)/JOBNUMBER(7547)/SCENE(053th)/SHOT(053th_330)/DEPT(light)/TASK(light_qc),project10,7547,shot,light,light_qc,053th,053th_330,,,,,e9390799903fc22266b560fd9ff4dcaa,Vancouver,2,0.25000000000000000000,0.25000000000000000000
2021-08-21,2021-08-16,2021-08-01,2021,/JOB(project10)/JOBNUMBER(7547)/SCENE(053th)/SHOT(053th_360)/DEPT(light)/TASK(light_qc),project10,7547,shot,light,light_qc,053th,053th_360,,,,,e9390799903fc22266b560fd9ff4dcaa,Vancouver,1,0.25000000000000000000,0.25000000000000000000
2021-08-21,2021-08-16,2021-08-01,2021,/JOB(project10)/JOBNUMBER(7547)/TASKLEVEL(dev)/JIRAPROJECT(fx)/JIRAISSUE(fx_1720),project10,7547,jira-issue,,,,,,,fx,fx_1720,e9b2edae5001d80f0e896a26dd6c7cb5,Vancouver,1,0.18750000000000000000,0.18750000000000000000
2021-08-21,2021-08-16,2021-08-01,2021,/JOB(project10)/JOBNUMBER(7547)/TASKLEVEL(dev)/JIRAPROJECT(fx)/JIRAISSUE(fx_1721),project10,7547,jira-issue,,,,,,,fx,fx_1721,e9b2edae5001d80f0e896a26dd6c7cb5,Vancouver,1,0.06250000000000000000,0.06250000000000000000
2021-08-21,2021-08-16,2021-08-01,2021,/JOB(project10)/JOBNUMBER(7547)/TASKLEVEL(dev)/JIRAPROJECT(fx)/JIRAISSUE(fx_978),project10,7547,jira-issue,,,,,,,fx,fx_978,e9b2edae5001d80f0e896a26dd6c7cb5,Vancouver,2,0.75000000000000000000,0.75000000000000000000
2021-08-21,2021-08-16,2021-08-01,2021,/JOB(project10)/JOBNUMBER(7547)/SCENE(446cs)/SHOT(446cs_570)/DEPT(fx)/TASK(fx),project10,7547,shot,fx,fx,446cs,446cs_570,,,,,eabb8a5af5cf0718b3407a9013cb3253,Vancouver,1,0.62500000000000000000,0.62500000000000000000
2021-08-21,2021-08-16,2021-08-01,2021,/JOB(project10)/JOBNUMBER(7547)/SCENE(446cs)/SHOT(446cs_310)/DEPT(fx)/TASK(fx),project10,7547,shot,fx,fx,446cs,446cs_310,,,,,eabb8a5af5cf0718b3407a9013cb3253,Vancouver,1,0.37500000000000000000,0.37500000000000000000
2021-08-21,2021-08-16,2021-08-01,2021,/JOB(project10)/JOBNUMBER(7547)/TASK(screening),project10,7547,global-screening,,screening,,,,,,,edc2ba934643a4bc74e172d79f9f9438,Vancouver,2,1.00000000000000000000,1.00000000000000000000
2021-08-21,2021-08-16,2021-08-01,2021,/JOB(project10)/JOBNUMBER(7547)/TASK(di),project10,7547,global-dept,,di,,,,,,,ee3ebc9b53dc9e8265ee8307dac3973f,Vancouver,2,1.00000000000000000000,1.00000000000000000000
2021-08-21,2021-08-16,2021-08-01,2021,/JOB(project10)/JOBNUMBER(7547)/TASK(supervision),project10,7547,global-supervision,,supervision,,,,,,,f14e818088059b87aaf4c1d614146295,Vancouver,2,1.2500000000000000,1.2500000000000000
2021-08-21,2021-08-16,2021-08-01,2021,/JOB(project10)/JOBNUMBER(7547)/SCENE(449pp)/SHOT(449pp_055)/DEPT(anim)/TASK(anim_qc),project10,7547,shot,anim,anim_qc,449pp,449pp_055,,,,,f16bbd11f5dc3689d26297b6d260d417,Vancouver,2,1.1250000000000000,1.1250000000000000
2021-08-21,2021-08-16,2021-08-01,2021,/JOB(project10)/JOBNUMBER(7547)/SCENE(475sp)/SHOT(475sp_150)/DEPT(fx)/TASK(fx),project10,7547,shot,fx,fx,475sp,475sp_150,,,,,f2b6eb0716df62b6d19d89548ed87b49,Vancouver,1,0.46875000000000000000,0.46875000000000000000
2021-08-21,2021-08-16,2021-08-01,2021,/JOB(project10)/JOBNUMBER(7547)/SCENE(460ar)/SHOT(460ar_015)/DEPT(fx)/TASK(fx),project10,7547,shot,fx,fx,460ar,460ar_015,,,,,f2b6eb0716df62b6d19d89548ed87b49,Vancouver,3,0.46875000000000000000,0.46875000000000000000
2021-08-21,2021-08-16,2021-08-01,2021,/JOB(project10)/JOBNUMBER(7547)/SCENE(377kf)/SHOT(377kf_030)/DEPT(fx)/TASK(fx),project10,7547,shot,fx,fx,377kf,377kf_030,,,,,f2b6eb0716df62b6d19d89548ed87b49,Vancouver,1,0.06250000000000000000,0.06250000000000000000
2021-08-21,2021-08-16,2021-08-01,2021,/JOB(project10)/JOBNUMBER(7547)/TASK(prod),project10,7547,global-prod,,prod,,,,,,,f3127a115b99a482b12a4452d88b053d,Vancouver,2,1.00000000000000000000,1.00000000000000000000
2021-08-21,2021-08-16,2021-08-01,2021,/JOB(project10)/JOBNUMBER(7547)/TASK(prod),project10,7547,global-prod,,prod,,,,,,,f468f945559ade80a00dba6b6fabbeac,Vancouver,2,1.2187500000000000,1.2187500000000000
2021-08-21,2021-08-16,2021-08-01,2021,/JOB(project10)/JOBNUMBER(7547)/SCENE(446cs)/SHOT(446cs_330)/DEPT(anim)/TASK(animation),project10,7547,shot,anim,animation,446cs,446cs_330,,,,,f545347d35e20b38528f5f31ca60ae61,Vancouver,1,0.37500000000000000000,0.37500000000000000000
2021-08-21,2021-08-16,2021-08-01,2021,/JOB(project10)/JOBNUMBER(7547)/SCENE(354wh)/SHOT(354wh_260)/DEPT(anim)/TASK(animation),project10,7547,shot,anim,animation,354wh,354wh_260,,,,,f545347d35e20b38528f5f31ca60ae61,Vancouver,2,0.81250000000000000000,0.81250000000000000000
2021-08-21,2021-08-16,2021-08-01,2021,/JOB(project10)/JOBNUMBER(7547)/SCENE(060jm)/SHOT(060jm_025)/DEPT(comp)/TASK(comp),project10,7547,shot,comp,comp,060jm,060jm_025,,,,,f58556b2442a4d864c2285ff733fd718,Vancouver,1,0.37500000000000000000,0.37500000000000000000
2021-08-21,2021-08-16,2021-08-01,2021,/JOB(project10)/JOBNUMBER(7547)/SCENE(449pp)/SHOT(449pp_035)/DEPT(comp)/TASK(comp),project10,7547,shot,comp,comp,449pp,449pp_035,,,,,f58556b2442a4d864c2285ff733fd718,Vancouver,1,0.25000000000000000000,0.25000000000000000000
2021-08-21,2021-08-16,2021-08-01,2021,/JOB(project10)/JOBNUMBER(7547)/SCENE(425ll)/SHOT(425ll_270)/DEPT(comp)/TASK(comp),project10,7547,shot,comp,comp,425ll,425ll_270,,,,,f58556b2442a4d864c2285ff733fd718,Vancouver,1,0.37500000000000000000,0.37500000000000000000
2021-08-21,2021-08-16,2021-08-01,2021,/JOB(project10)/JOBNUMBER(7547)/TASKLEVEL(dev)/JIRAPROJECT(fx)/JIRAISSUE(fx_1630),project10,7547,jira-issue,,,,,,,fx,fx_1630,f7ac71d5c38244e3f68f426cfda46167,Vancouver,2,1.00000000000000000000,1.00000000000000000000
2021-08-21,2021-08-16,2021-08-01,2021,/JOB(project10)/JOBNUMBER(7547)/SCENE(040dr)/SHOT(040dr_140)/DEPT(comp)/TASK(comp),project10,7547,shot,comp,comp,040dr,040dr_140,,,,,f8cab27b320519c104da11cee865b337,Vancouver,3,0.31250000000000000000,0.31250000000000000000
2021-08-21,2021-08-16,2021-08-01,2021,/JOB(project10)/JOBNUMBER(7547)/SCENE(425ll)/SHOT(425ll_347)/DEPT(comp)/TASK(comp),project10,7547,shot,comp,comp,425ll,425ll_347,,,,,f8cab27b320519c104da11cee865b337,Vancouver,2,0.28125000000000000000,0.28125000000000000000
2021-08-21,2021-08-16,2021-08-01,2021,/JOB(project10)/JOBNUMBER(7547)/SCENE(425ll)/SHOT(425ll_380)/DEPT(comp)/TASK(comp),project10,7547,shot,comp,comp,425ll,425ll_380,,,,,f8cab27b320519c104da11cee865b337,Vancouver,3,0.40625000000000000000,0.40625000000000000000
2021-08-21,2021-08-16,2021-08-01,2021,/JOB(project10)/JOBNUMBER(7547)/TASKLEVEL(department)/DEPT(rig)/TASK(td),project10,7547,global-dept,rig,td,,,,,,,f8cab27b320519c104da11cee865b337,Vancouver,1,0.12500000000000000000,0.12500000000000000000
2021-08-21,2021-08-16,2021-08-01,2021,/JOB(project10)/JOBNUMBER(7547)/SCENE(089ug)/SHOT(089ug_470)/DEPT(comp)/TASK(comp_qc),project10,7547,shot,comp,comp_qc,089ug,089ug_470,,,,,f8cab27b320519c104da11cee865b337,Vancouver,1,0.09375000000000000000,0.09375000000000000000
2021-08-21,2021-08-16,2021-08-01,2021,/JOB(project10)/JOBNUMBER(7547)/SCENE(270tv)/SHOT(270tv_180)/DEPT(comp)/TASK(comp_qc),project10,7547,shot,comp,comp_qc,270tv,270tv_180,,,,,f8cab27b320519c104da11cee865b337,Vancouver,1,0.03125000000000000000,0.03125000000000000000
2021-08-21,2021-08-16,2021-08-01,2021,/JOB(project10)/JOBNUMBER(7547)/SCENE(356np)/SHOT(356np_462)/DEPT(mattepainting)/TASK(mattepainting),project10,7547,shot,mattepainting,mattepainting,356np,356np_462,,,,,f9567495dd1659503a672acbce3f95e1,Vancouver,1,0.12500000000000000000,0.12500000000000000000
2021-08-21,2021-08-16,2021-08-01,2021,/JOB(project10)/JOBNUMBER(7547)/SCENE(445bt)/SHOT(445bt_290)/DEPT(mattepainting)/TASK(mattepainting),project10,7547,shot,mattepainting,mattepainting,445bt,445bt_290,,,,,f9567495dd1659503a672acbce3f95e1,Vancouver,1,0.40625000000000000000,0.40625000000000000000
2021-08-21,2021-08-16,2021-08-01,2021,/JOB(project10)/JOBNUMBER(7547m)/SCENE(mk002)/SHOT(mk002_krypto17)/DEPT(mattepainting)/TASK(mattepainting),project10,7547m,other,mattepainting,mattepainting,mk002,mk002_krypto17,,,,,f9567495dd1659503a672acbce3f95e1,Vancouver,1,0.09375000000000000000,0.09375000000000000000
2021-08-21,2021-08-16,2021-08-01,2021,/JOB(project10)/JOBNUMBER(7547m)/SCENE(mk002)/SHOT(mk002_whiskers01)/DEPT(mattepainting)/TASK(mattepainting_techfix),project10,7547m,other,mattepainting,mattepainting_techfix,mk002,mk002_whiskers01,,,,,f9567495dd1659503a672acbce3f95e1,Vancouver,1,0.37500000000000000000,0.37500000000000000000
2021-08-21,2021-08-16,2021-08-01,2021,/JOB(project10)/JOBNUMBER(7547)/TASKLEVEL(department)/DEPT(finallayout)/TASK(training),project10,7547,global-dept,finallayout,training,,,,,,,fa840d521d2811df38aa235dbd34e683,Vancouver,2,1.00000000000000000000,1.00000000000000000000
2021-08-21,2021-08-16,2021-08-01,2021,/JOB(project10)/JOBNUMBER(7547)/SCENE(446cs)/SHOT(446cs_460)/DEPT(light)/TASK(shot_lighting),project10,7547,shot,light,shot_lighting,446cs,446cs_460,,,,,fd1d9fcd383ccc2bebf7de86a9dad287,Vancouver,1,0.25000000000000000000,0.25000000000000000000
2021-08-21,2021-08-16,2021-08-01,2021,/JOB(project10)/JOBNUMBER(7547)/SCENE(446cs)/SHOT(446cs_480)/DEPT(light)/TASK(shot_lighting),project10,7547,shot,light,shot_lighting,446cs,446cs_480,,,,,fd1d9fcd383ccc2bebf7de86a9dad287,Vancouver,1,0.25000000000000000000,0.25000000000000000000
2021-08-21,2021-08-16,2021-08-01,2021,/JOB(project10)/JOBNUMBER(7547)/SCENE(162la)/SHOT(162la_079)/DEPT(light)/TASK(final_lighting),project10,7547,shot,light,final_lighting,162la,162la_079,,,,,fd1d9fcd383ccc2bebf7de86a9dad287,Vancouver,1,0.25000000000000000000,0.25000000000000000000
2021-08-21,2021-08-16,2021-08-01,2021,/JOB(project10)/JOBNUMBER(7547m)/SCENE(tr002)/SHOT(tr002_185)/DEPT(light)/TASK(shot_lighting),project10,7547m,other,light,shot_lighting,tr002,tr002_185,,,,,fd1d9fcd383ccc2bebf7de86a9dad287,Vancouver,1,0.37500000000000000000,0.37500000000000000000
2021-08-21,2021-08-16,2021-08-01,2021,/JOB(project10)/JOBNUMBER(7547)/SCENE(441lo)/SHOT(441lo_180)/DEPT(light)/TASK(shot_lighting),project10,7547,shot,light,shot_lighting,441lo,441lo_180,,,,,fdd9f480649cc08f1e973b19c711cd8c,Vancouver,1,0.12500000000000000000,0.12500000000000000000
2021-08-21,2021-08-16,2021-08-01,2021,/JOB(project10)/JOBNUMBER(7547)/SCENE(162la)/SHOT(162la_290)/DEPT(light)/TASK(light_redo),project10,7547,shot,light,light_redo,162la,162la_290,,,,,fdd9f480649cc08f1e973b19c711cd8c,Vancouver,2,0.68750000000000000000,0.68750000000000000000
2021-08-21,2021-08-16,2021-08-01,2021,/JOB(project10)/JOBNUMBER(7547)/SCENE(449pp)/SHOT(449pp_300)/DEPT(light)/TASK(shot_lighting),project10,7547,shot,light,shot_lighting,449pp,449pp_300,,,,,fdd9f480649cc08f1e973b19c711cd8c,Vancouver,1,0.18750000000000000000,0.18750000000000000000
